Workbook
Name Slicer_AGE_GROUP: #N/A
Name Slicer_Education: #N/A
Name Slicer_Income: #N/A
Name Slicer_Kidhome: #N/A
Name Slicer_Marital_Status: #N/A
Name Slicer_TOTAL_PURCHASE: #N/A
Name Slicer_Year_Birth: #N/A

Sheet customer_dataset
A1: Dataset - 1 | K1: Dataset - 2 | O1: 1.(Step) : Answers | R1: 2.(Step) : Answers | U1: 3.(Step) : Answers
A2: Column1 | B2: ID | C2: Year_Birth | D2: Education | E2: Marital_Status | F2: Income | G2: Kidhome | H2: Teenhome | I2: Dt_Customer | J2: Recency | K2: MntFruits | L2: MntSweetProducts | M2: NumWebPurchases | N2: NumStorePurchases | O2: AGE | P2: AGE GROUP | Q2: TOTAL PURCHASE | R2: Product Category | S2: Total Sales Amount | U2: Income group | W2: Lifespan years
A3: 0 | B3: 5524 | C3: 1957 | D3: Graduation | E3: Single | F3: 58138 | G3: 0 | H3: 0 | I3: 41156 | J3: 58 | K3: =VLOOKUP(B3,purchase_dataset!$B$2:$F$2241,2,FALSE) -> 88 | L3: =VLOOKUP(B3,purchase_dataset!$B$2:$F$2241,3,FALSE) -> 88 | M3: =VLOOKUP(B3,purchase_dataset!$B$2:$F$2241,3,FALSE) -> 88 | N3: =VLOOKUP(B3,purchase_dataset!$B$2:$F$2241,5,FALSE) -> 4 | O3: {=2026-C3:C2242} -> 69 | P3: =IF(O3<30,"30",IF(O3<=50,"30-50",">50")) -> >50 | Q3: =M3+N3 -> 92 | R3: Sweet products | S3: =SUM(L3:L2242) -> 60621 | U3: {=_xlfn.IFS(F3<30000,"30k",F3<=50000,"30k-50k",F3<=75000,"50k-75k",F3<=100000,"75k-100k",F3>100000,"100k")} -> 50k-75k | W3: =2026-YEAR(I3) -> 14
A4: 1 | B4: 2174 | C4: 1954 | D4: Graduation | E4: Single | F4: 46344 | G4: 1 | H4: 1 | I4: 41706 | J4: 38 | K4: =VLOOKUP(B4,purchase_dataset!$B$2:$F$2241,2,FALSE) -> 1 | L4: =VLOOKUP(B4,purchase_dataset!$B$2:$F$2241,3,FALSE) -> 1 | M4: =VLOOKUP(B4,purchase_dataset!$B$2:$F$2241,3,FALSE) -> 1 | N4: =VLOOKUP(B4,purchase_dataset!$B$2:$F$2241,5,FALSE) -> 2 | O4: 72 | P4: =IF(O4<30,"30",IF(O4<=50,"30-50",">50")) -> >50 | Q4: =M4+N4 -> 3 | R4: Fruits | S4: =SUM(K3:K2242) -> 58917 | U4: {=_xlfn.IFS(F4<30000,"30k",F4<=50000,"30k-50k",F4<=75000,"50k-75k",F4<=100000,"75k-100k",F4>100000,"100k")} -> 30k-50k | W4: =2026-YEAR(I4) -> 12
A5: 2 | B5: 4141 | C5: 1965 | D5: Graduation | E5: Together | F5: 71613 | G5: 0 | H5: 0 | I5: 41507 | J5: 26 | K5: =VLOOKUP(B5,purchase_dataset!$B$2:$F$2241,2,FALSE) -> 49 | L5: =VLOOKUP(B5,purchase_dataset!$B$2:$F$2241,3,FALSE) -> 21 | M5: =VLOOKUP(B5,purchase_dataset!$B$2:$F$2241,3,FALSE) -> 21 | N5: =VLOOKUP(B5,purchase_dataset!$B$2:$F$2241,5,FALSE) -> 10 | O5: 61 | P5: =IF(O5<30,"30",IF(O5<=50,"30-50",">50")) -> >50 | Q5: =M5+N5 -> 31 | R5: Total Combined | S5: =S3+S4 -> 119538 | U5: {=_xlfn.IFS(F5<30000,"30k",F5<=50000,"30k-50k",F5<=75000,"50k-75k",F5<=100000,"75k-100k",F5>100000,"100k")} -> 50k-75k | W5: =2026-YEAR(I5) -> 13
A6: 3 | B6: 6182 | C6: 1984 | D6: Graduation | E6: Together | F6: 26646 | G6: 1 | H6: 0 | I6: 41680 | J6: 26 | K6: =VLOOKUP(B6,purchase_dataset!$B$2:$F$2241,2,FALSE) -> 4 | L6: =VLOOKUP(B6,purchase_dataset!$B$2:$F$2241,3,FALSE) -> 3 | M6: =VLOOKUP(B6,purchase_dataset!$B$2:$F$2241,3,FALSE) -> 3 | N6: =VLOOKUP(B6,purchase_dataset!$B$2:$F$2241,5,FALSE) -> 4 | O6: 42 | P6: =IF(O6<30,"30",IF(O6<=50,"30-50",">50")) -> 30-50 | Q6: =M6+N6 -> 7 | U6: {=_xlfn.IFS(F6<30000,"30k",F6<=50000,"30k-50k",F6<=75000,"50k-75k",F6<=100000,"75k-100k",F6>100000,"100k")} -> 30k | W6: =2026-YEAR(I6) -> 12
A7: 4 | B7: 5324 | C7: 1981 | D7: PhD | E7: Married | F7: 58293 | G7: 1 | H7: 0 | I7: 41658 | J7: 94 | K7: =VLOOKUP(B7,purchase_dataset!$B$2:$F$2241,2,FALSE) -> 43 | L7: =VLOOKUP(B7,purchase_dataset!$B$2:$F$2241,3,FALSE) -> 27 | M7: =VLOOKUP(B7,purchase_dataset!$B$2:$F$2241,3,FALSE) -> 27 | N7: =VLOOKUP(B7,purchase_dataset!$B$2:$F$2241,5,FALSE) -> 6 | O7: 45 | P7: =IF(O7<30,"30",IF(O7<=50,"30-50",">50")) -> 30-50 | Q7: =M7+N7 -> 33 | U7: {=_xlfn.IFS(F7<30000,"30k",F7<=50000,"30k-50k",F7<=75000,"50k-75k",F7<=100000,"75k-100k",F7>100000,"100k")} -> 50k-75k | W7: =2026-YEAR(I7) -> 12
A8: 5 | B8: 7446 | C8: 1967 | D8: Master | E8: Together | F8: 62513 | G8: 0 | H8: 1 | I8: 41526 | J8: 16 | K8: =VLOOKUP(B8,purchase_dataset!$B$2:$F$2241,2,FALSE) -> 42 | L8: =VLOOKUP(B8,purchase_dataset!$B$2:$F$2241,3,FALSE) -> 42 | M8: =VLOOKUP(B8,purchase_dataset!$B$2:$F$2241,3,FALSE) -> 42 | N8: =VLOOKUP(B8,purchase_dataset!$B$2:$F$2241,5,FALSE) -> 10 | O8: 59 | P8: =IF(O8<30,"30",IF(O8<=50,"30-50",">50")) -> >50 | Q8: =M8+N8 -> 52 | U8: {=_xlfn.IFS(F8<30000,"30k",F8<=50000,"30k-50k",F8<=75000,"50k-75k",F8<=100000,"75k-100k",F8>100000,"100k")} -> 50k-75k | W8: =2026-YEAR(I8) -> 13
A9: 6 | B9: 965 | C9: 1971 | D9: Graduation | E9: Divorced | F9: 55635 | G9: 0 | H9: 1 | I9: 41226 | J9: 34 | K9: =VLOOKUP(B9,purchase_dataset!$B$2:$F$2241,2,FALSE) -> 65 | L9: =VLOOKUP(B9,purchase_dataset!$B$2:$F$2241,3,FALSE) -> 49 | M9: =VLOOKUP(B9,purchase_dataset!$B$2:$F$2241,3,FALSE) -> 49 | N9: =VLOOKUP(B9,purchase_dataset!$B$2:$F$2241,5,FALSE) -> 7 | O9: 55 | P9: =IF(O9<30,"30",IF(O9<=50,"30-50",">50")) -> >50 | Q9: =M9+N9 -> 56 | U9: {=_xlfn.IFS(F9<30000,"30k",F9<=50000,"30k-50k",F9<=75000,"50k-75k",F9<=100000,"75k-100k",F9>100000,"100k")} -> 50k-75k | W9: =2026-YEAR(I9) -> 14
A10: 7 | B10: 6177 | C10: 1985 | D10: PhD | E10: Married | F10: 33454 | G10: 1 | H10: 0 | I10: 41402 | J10: 32 | K10: =VLOOKUP(B10,purchase_dataset!$B$2:$F$2241,2,FALSE) -> 10 | L10: =VLOOKUP(B10,purchase_dataset!$B$2:$F$2241,3,FALSE) -> 1 | M10: =VLOOKUP(B10,purchase_dataset!$B$2:$F$2241,3,FALSE) -> 1 | N10: =VLOOKUP(B10,purchase_dataset!$B$2:$F$2241,5,FALSE) -> 4 | O10: 41 | P10: =IF(O10<30,"30",IF(O10<=50,"30-50",">50")) -> 30-50 | Q10: =M10+N10 -> 5 | U10: {=_xlfn.IFS(F10<30000,"30k",F10<=50000,"30k-50k",F10<=75000,"50k-75k",F10<=100000,"75k-100k",F10>100000,"100k")} -> 30k-50k | W10: =2026-YEAR(I10) -> 13
A11: 8 | B11: 4855 | C11: 1974 | D11: PhD | E11: Together | F11: 30351 | G11: 1 | H11: 0 | I11: 41431 | J11: 19 | K11: =VLOOKUP(B11,purchase_dataset!$B$2:$F$2241,2,FALSE) -> 0 | L11: =VLOOKUP(B11,purchase_dataset!$B$2:$F$2241,3,FALSE) -> 3 | M11: =VLOOKUP(B11,purchase_dataset!$B$2:$F$2241,3,FALSE) -> 3 | N11: =VLOOKUP(B11,purchase_dataset!$B$2:$F$2241,5,FALSE) -> 2 | O11: 52 | P11: =IF(O11<30,"30",IF(O11<=50,"30-50",">50")) -> >50 | Q11: =M11+N11 -> 5 | U11: {=_xlfn.IFS(F11<30000,"30k",F11<=50000,"30k-50k",F11<=75000,"50k-75k",F11<=100000,"75k-100k",F11>100000,"100k")} -> 30k-50k | W11: =2026-YEAR(I11) -> 13
A12: 9 | B12: 5899 | C12: 1950 | D12: PhD | E12: Together | F12: 5648 | G12: 1 | H12: 1 | I12: 41711 | J12: 68 | K12: =VLOOKUP(B12,purchase_dataset!$B$2:$F$2241,2,FALSE) -> 0 | L12: =VLOOKUP(B12,purchase_dataset!$B$2:$F$2241,3,FALSE) -> 1 | M12: =VLOOKUP(B12,purchase_dataset!$B$2:$F$2241,3,FALSE) -> 1 | N12: =VLOOKUP(B12,purchase_dataset!$B$2:$F$2241,5,FALSE) -> 0 | O12: 76 | P12: =IF(O12<30,"30",IF(O12<=50,"30-50",">50")) -> >50 | Q12: =M12+N12 -> 1 | U12: {=_xlfn.IFS(F12<30000,"30k",F12<=50000,"30k-50k",F12<=75000,"50k-75k",F12<=100000,"75k-100k",F12>100000,"100k")} -> 30k | W12: =2026-YEAR(I12) -> 12
A13: 10 | B13: 1994 | C13: 1983 | D13: Graduation | E13: Married | G13: 1 | H13: 0 | I13: 41593 | J13: 11 | K13: =VLOOKUP(B13,purchase_dataset!$B$2:$F$2241,2,FALSE) -> 5 | L13: =VLOOKUP(B13,purchase_dataset!$B$2:$F$2241,3,FALSE) -> 2 | M13: =VLOOKUP(B13,purchase_dataset!$B$2:$F$2241,3,FALSE) -> 2 | N13: =VLOOKUP(B13,purchase_dataset!$B$2:$F$2241,5,FALSE) -> 2 | O13: 43 | P13: =IF(O13<30,"30",IF(O13<=50,"30-50",">50")) -> 30-50 | Q13: =M13+N13 -> 4 | U13: {=_xlfn.IFS(F13<30000,"30k",F13<=50000,"30k-50k",F13<=75000,"50k-75k",F13<=100000,"75k-100k",F13>100000,"100k")} -> 30k | W13: =2026-YEAR(I13) -> 13
A14: 11 | B14: 387 | C14: 1976 | D14: Basic | E14: Married | F14: 7500 | G14: 0 | H14: 0 | I14: 41226 | J14: 59 | K14: =VLOOKUP(B14,purchase_dataset!$B$2:$F$2241,2,FALSE) -> 16 | L14: =VLOOKUP(B14,purchase_dataset!$B$2:$F$2241,3,FALSE) -> 1 | M14: =VLOOKUP(B14,purchase_dataset!$B$2:$F$2241,3,FALSE) -> 1 | N14: =VLOOKUP(B14,purchase_dataset!$B$2:$F$2241,5,FALSE) -> 3 | O14: 50 | P14: =IF(O14<30,"30",IF(O14<=50,"30-50",">50")) -> 30-50 | Q14: =M14+N14 -> 4 | U14: {=_xlfn.IFS(F14<30000,"30k",F14<=50000,"30k-50k",F14<=75000,"50k-75k",F14<=100000,"75k-100k",F14>100000,"100k")} -> 30k | W14: =2026-YEAR(I14) -> 14
A15: 12 | B15: 2125 | C15: 1959 | D15: Graduation | E15: Divorced | F15: 63033 | G15: 0 | H15: 0 | I15: 41593 | J15: 82 | K15: =VLOOKUP(B15,purchase_dataset!$B$2:$F$2241,2,FALSE) -> 61 | L15: =VLOOKUP(B15,purchase_dataset!$B$2:$F$2241,3,FALSE) -> 112 | M15: =VLOOKUP(B15,purchase_dataset!$B$2:$F$2241,3,FALSE) -> 112 | N15: =VLOOKUP(B15,purchase_dataset!$B$2:$F$2241,5,FALSE) -> 8 | O15: 67 | P15: =IF(O15<30,"30",IF(O15<=50,"30-50",">50")) -> >50 | Q15: =M15+N15 -> 120 | U15: {=_xlfn.IFS(F15<30000,"30k",F15<=50000,"30k-50k",F15<=75000,"50k-75k",F15<=100000,"75k-100k",F15>100000,"100k")} -> 50k-75k | W15: =2026-YEAR(I15) -> 13
A16: 13 | B16: 8180 | C16: 1952 | D16: Master | E16: Divorced | F16: 59354 | G16: 1 | H16: 1 | I16: 41593 | J16: 53 | K16: =VLOOKUP(B16,purchase_dataset!$B$2:$F$2241,2,FALSE) -> 2 | L16: =VLOOKUP(B16,purchase_dataset!$B$2:$F$2241,3,FALSE) -> 5 | M16: =VLOOKUP(B16,purchase_dataset!$B$2:$F$2241,3,FALSE) -> 5 | N16: =VLOOKUP(B16,purchase_dataset!$B$2:$F$2241,5,FALSE) -> 5 | O16: 74 | P16: =IF(O16<30,"30",IF(O16<=50,"30-50",">50")) -> >50 | Q16: =M16+N16 -> 10 | U16: {=_xlfn.IFS(F16<30000,"30k",F16<=50000,"30k-50k",F16<=75000,"50k-75k",F16<=100000,"75k-100k",F16>100000,"100k")} -> 50k-75k | W16: =2026-YEAR(I16) -> 13
A17: 14 | B17: 2569 | C17: 1987 | D17: Graduation | E17: Married | F17: 17323 | G17: 0 | H17: 0 | I17: 41192 | J17: 38 | K17: =VLOOKUP(B17,purchase_dataset!$B$2:$F$2241,2,FALSE) -> 14 | L17: =VLOOKUP(B17,purchase_dataset!$B$2:$F$2241,3,FALSE) -> 1 | M17: =VLOOKUP(B17,purchase_dataset!$B$2:$F$2241,3,FALSE) -> 1 | N17: =VLOOKUP(B17,purchase_dataset!$B$2:$F$2241,5,FALSE) -> 3 | O17: 39 | P17: =IF(O17<30,"30",IF(O17<=50,"30-50",">50")) -> 30-50 | Q17: =M17+N17 -> 4 | U17: {=_xlfn.IFS(F17<30000,"30k",F17<=50000,"30k-50k",F17<=75000,"50k-75k",F17<=100000,"75k-100k",F17>100000,"100k")} -> 30k | W17: =2026-YEAR(I17) -> 14
A18: 15 | B18: 2114 | C18: 1946 | D18: PhD | E18: Single | F18: 82800 | G18: 0 | H18: 0 | I18: 41237 | J18: 23 | K18: =VLOOKUP(B18,purchase_dataset!$B$2:$F$2241,2,FALSE) -> 22 | L18: =VLOOKUP(B18,purchase_dataset!$B$2:$F$2241,3,FALSE) -> 68 | M18: =VLOOKUP(B18,purchase_dataset!$B$2:$F$2241,3,FALSE) -> 68 | N18: =VLOOKUP(B18,purchase_dataset!$B$2:$F$2241,5,FALSE) -> 12 | O18: 80 | P18: =IF(O18<30,"30",IF(O18<=50,"30-50",">50")) -> >50 | Q18: =M18+N18 -> 80 | U18: {=_xlfn.IFS(F18<30000,"30k",F18<=50000,"30k-50k",F18<=75000,"50k-75k",F18<=100000,"75k-100k",F18>100000,"100k")} -> 75k-100k | W18: =2026-YEAR(I18) -> 14
A19: 16 | B19: 9736 | C19: 1980 | D19: Graduation | E19: Married | F19: 41850 | G19: 1 | H19: 1 | I19: 41267 | J19: 51 | K19: =VLOOKUP(B19,purchase_dataset!$B$2:$F$2241,2,FALSE) -> 5 | L19: =VLOOKUP(B19,purchase_dataset!$B$2:$F$2241,3,FALSE) -> 13 | M19: =VLOOKUP(B19,purchase_dataset!$B$2:$F$2241,3,FALSE) -> 13 | N19: =VLOOKUP(B19,purchase_dataset!$B$2:$F$2241,5,FALSE) -> 3 | O19: 46 | P19: =IF(O19<30,"30",IF(O19<=50,"30-50",">50")) -> 30-50 | Q19: =M19+N19 -> 16 | U19: {=_xlfn.IFS(F19<30000,"30k",F19<=50000,"30k-50k",F19<=75000,"50k-75k",F19<=100000,"75k-100k",F19>100000,"100k")} -> 30k-50k | W19: =2026-YEAR(I19) -> 14
A20: 17 | B20: 4939 | C20: 1946 | D20: Graduation | E20: Together | F20: 37760 | G20: 0 | H20: 0 | I20: 41152 | J20: 20 | K20: =VLOOKUP(B20,purchase_dataset!$B$2:$F$2241,2,FALSE) -> 5 | L20: =VLOOKUP(B20,purchase_dataset!$B$2:$F$2241,3,FALSE) -> 12 | M20: =VLOOKUP(B20,purchase_dataset!$B$2:$F$2241,3,FALSE) -> 12 | N20: =VLOOKUP(B20,purchase_dataset!$B$2:$F$2241,5,FALSE) -> 6 | O20: 80 | P20: =IF(O20<30,"30",IF(O20<=50,"30-50",">50")) -> >50 | Q20: =M20+N20 -> 18 | U20: {=_xlfn.IFS(F20<30000,"30k",F20<=50000,"30k-50k",F20<=75000,"50k-75k",F20<=100000,"75k-100k",F20>100000,"100k")} -> 30k-50k | W20: =2026-YEAR(I20) -> 14
A21: 18 | B21: 6565 | C21: 1949 | D21: Master | E21: Married | F21: 76995 | G21: 0 | H21: 1 | I21: 41361 | J21: 91 | K21: =VLOOKUP(B21,purchase_dataset!$B$2:$F$2241,2,FALSE) -> 80 | L21: =VLOOKUP(B21,purchase_dataset!$B$2:$F$2241,3,FALSE) -> 16 | M21: =VLOOKUP(B21,purchase_dataset!$B$2:$F$2241,3,FALSE) -> 16 | N21: =VLOOKUP(B21,purchase_dataset!$B$2:$F$2241,5,FALSE) -> 9 | O21: 77 | P21: =IF(O21<30,"30",IF(O21<=50,"30-50",">50")) -> >50 | Q21: =M21+N21 -> 25 | U21: {=_xlfn.IFS(F21<30000,"30k",F21<=50000,"30k-50k",F21<=75000,"50k-75k",F21<=100000,"75k-100k",F21>100000,"100k")} -> 75k-100k | W21: =2026-YEAR(I21) -> 13
A22: 19 | B22: 2278 | C22: 1985 | D22: 2n Cycle | E22: Single | F22: 33812 | G22: 1 | H22: 0 | I22: 41216 | J22: 86 | K22: =VLOOKUP(B22,purchase_dataset!$B$2:$F$2241,2,FALSE) -> 17 | L22: =VLOOKUP(B22,purchase_dataset!$B$2:$F$2241,3,FALSE) -> 24 | M22: =VLOOKUP(B22,purchase_dataset!$B$2:$F$2241,3,FALSE) -> 24 | N22: =VLOOKUP(B22,purchase_dataset!$B$2:$F$2241,5,FALSE) -> 3 | O22: 41 | P22: =IF(O22<30,"30",IF(O22<=50,"30-50",">50")) -> 30-50 | Q22: =M22+N22 -> 27 | U22: {=_xlfn.IFS(F22<30000,"30k",F22<=50000,"30k-50k",F22<=75000,"50k-75k",F22<=100000,"75k-100k",F22>100000,"100k")} -> 30k-50k | W22: =2026-YEAR(I22) -> 14
A23: 20 | B23: 9360 | C23: 1982 | D23: Graduation | E23: Married | F23: 37040 | G23: 0 | H23: 0 | I23: 41129 | J23: 41 | K23: =VLOOKUP(B23,purchase_dataset!$B$2:$F$2241,2,FALSE) -> 2 | L23: =VLOOKUP(B23,purchase_dataset!$B$2:$F$2241,3,FALSE) -> 38 | M23: =VLOOKUP(B23,purchase_dataset!$B$2:$F$2241,3,FALSE) -> 38 | N23: =VLOOKUP(B23,purchase_dataset!$B$2:$F$2241,5,FALSE) -> 5 | O23: 44 | P23: =IF(O23<30,"30",IF(O23<=50,"30-50",">50")) -> 30-50 | Q23: =M23+N23 -> 43 | U23: {=_xlfn.IFS(F23<30000,"30k",F23<=50000,"30k-50k",F23<=75000,"50k-75k",F23<=100000,"75k-100k",F23>100000,"100k")} -> 30k-50k | W23: =2026-YEAR(I23) -> 14
A24: 21 | B24: 5376 | C24: 1979 | D24: Graduation | E24: Married | F24: 2447 | G24: 1 | H24: 0 | I24: 41280 | J24: 42 | K24: =VLOOKUP(B24,purchase_dataset!$B$2:$F$2241,2,FALSE) -> 1 | L24: =VLOOKUP(B24,purchase_dataset!$B$2:$F$2241,3,FALSE) -> 1 | M24: =VLOOKUP(B24,purchase_dataset!$B$2:$F$2241,3,FALSE) -> 1 | N24: =VLOOKUP(B24,purchase_dataset!$B$2:$F$2241,5,FALSE) -> 0 | O24: 47 | P24: =IF(O24<30,"30",IF(O24<=50,"30-50",">50")) -> 30-50 | Q24: =M24+N24 -> 1 | U24: {=_xlfn.IFS(F24<30000,"30k",F24<=50000,"30k-50k",F24<=75000,"50k-75k",F24<=100000,"75k-100k",F24>100000,"100k")} -> 30k | W24: =2026-YEAR(I24) -> 13
A25: 22 | B25: 1993 | C25: 1949 | D25: PhD | E25: Married | F25: 58607 | G25: 0 | H25: 1 | I25: 41266 | J25: 63 | K25: =VLOOKUP(B25,purchase_dataset!$B$2:$F$2241,2,FALSE) -> 0 | L25: =VLOOKUP(B25,purchase_dataset!$B$2:$F$2241,3,FALSE) -> 0 | M25: =VLOOKUP(B25,purchase_dataset!$B$2:$F$2241,3,FALSE) -> 0 | N25: =VLOOKUP(B25,purchase_dataset!$B$2:$F$2241,5,FALSE) -> 9 | O25: 77 | P25: =IF(O25<30,"30",IF(O25<=50,"30-50",">50")) -> >50 | Q25: =M25+N25 -> 9 | U25: {=_xlfn.IFS(F25<30000,"30k",F25<=50000,"30k-50k",F25<=75000,"50k-75k",F25<=100000,"75k-100k",F25>100000,"100k")} -> 50k-75k | W25: =2026-YEAR(I25) -> 14
... A29: 26 | B29: 2404 | C29: 1976 | D29: Graduation | E29: Married | F29: 53359 | G29: 1 | H29: 1 | I29: 41421 | J29: 4 | K29: =VLOOKUP(B29,purchase_dataset!$B$2:$F$2241,2,FALSE) -> 4 | L29: =VLOOKUP(B29,purchase_dataset!$B$2:$F$2241,3,FALSE) -> 6 | M29: =VLOOKUP(B29,purchase_dataset!$B$2:$F$2241,3,FALSE) -> 6 | N29: =VLOOKUP(B29,purchase_dataset!$B$2:$F$2241,5,FALSE) -> 4 | O29: 50 | P29: =IF(O29<30,"30",IF(O29<=50,"30-50",">50")) -> 30-50 | Q29: =M29+N29 -> 10 | U29: {=_xlfn.IFS(F29<30000,"30k",F29<=50000,"30k-50k",F29<=75000,"50k-75k",F29<=100000,"75k-100k",F29>100000,"100k")} -> 50k-75k | W29: =2026-YEAR(I29) -> 13
A30: 27 | B30: 5255 | C30: 1986 | D30: Graduation | E30: Single | G30: 1 | H30: 0 | I30: 41325 | J30: 19 | K30: =VLOOKUP(B30,purchase_dataset!$B$2:$F$2241,2,FALSE) -> 1 | L30: =VLOOKUP(B30,purchase_dataset!$B$2:$F$2241,3,FALSE) -> 263 | M30: =VLOOKUP(B30,purchase_dataset!$B$2:$F$2241,3,FALSE) -> 263 | N30: =VLOOKUP(B30,purchase_dataset!$B$2:$F$2241,5,FALSE) -> 0 | O30: 40 | P30: =IF(O30<30,"30",IF(O30<=50,"30-50",">50")) -> 30-50 | Q30: =M30+N30 -> 263 | U30: {=_xlfn.IFS(F30<30000,"30k",F30<=50000,"30k-50k",F30<=75000,"50k-75k",F30<=100000,"75k-100k",F30>100000,"100k")} -> 30k | W30: =2026-YEAR(I30) -> 13
A31: 28 | B31: 9422 | C31: 1989 | D31: Graduation | E31: Married | F31: 38360 | G31: 1 | H31: 0 | I31: 41425 | J31: 26 | K31: =VLOOKUP(B31,purchase_dataset!$B$2:$F$2241,2,FALSE) -> 2 | L31: =VLOOKUP(B31,purchase_dataset!$B$2:$F$2241,3,FALSE) -> 21 | M31: =VLOOKUP(B31,purchase_dataset!$B$2:$F$2241,3,FALSE) -> 21 | N31: =VLOOKUP(B31,purchase_dataset!$B$2:$F$2241,5,FALSE) -> 4 | O31: 37 | P31: =IF(O31<30,"30",IF(O31<=50,"30-50",">50")) -> 30-50 | Q31: =M31+N31 -> 25 | U31: {=_xlfn.IFS(F31<30000,"30k",F31<=50000,"30k-50k",F31<=75000,"50k-75k",F31<=100000,"75k-100k",F31>100000,"100k")} -> 30k-50k | W31: =2026-YEAR(I31) -> 13
A32: 29 | B32: 1966 | C32: 1965 | D32: PhD | E32: Married | F32: 84618 | G32: 0 | H32: 0 | I32: 41600 | J32: 96 | K32: =VLOOKUP(B32,purchase_dataset!$B$2:$F$2241,2,FALSE) -> 100 | L32: =VLOOKUP(B32,purchase_dataset!$B$2:$F$2241,3,FALSE) -> 66 | M32: =VLOOKUP(B32,purchase_dataset!$B$2:$F$2241,3,FALSE) -> 66 | N32: =VLOOKUP(B32,purchase_dataset!$B$2:$F$2241,5,FALSE) -> 10 | O32: 61 | P32: =IF(O32<30,"30",IF(O32<=50,"30-50",">50")) -> >50 | Q32: =M32+N32 -> 76 | U32: {=_xlfn.IFS(F32<30000,"30k",F32<=50000,"30k-50k",F32<=75000,"50k-75k",F32<=100000,"75k-100k",F32>100000,"100k")} -> 75k-100k | W32: =2026-YEAR(I32) -> 13
A33: 30 | B33: 6864 | C33: 1989 | D33: Master | E33: Divorced | F33: 10979 | G33: 0 | H33: 0 | I33: 41781 | J33: 34 | K33: =VLOOKUP(B33,purchase_dataset!$B$2:$F$2241,2,FALSE) -> 4 | L33: =VLOOKUP(B33,purchase_dataset!$B$2:$F$2241,3,FALSE) -> 2 | M33: =VLOOKUP(B33,purchase_dataset!$B$2:$F$2241,3,FALSE) -> 2 | N33: =VLOOKUP(B33,purchase_dataset!$B$2:$F$2241,5,FALSE) -> 3 | O33: 37 | P33: =IF(O33<30,"30",IF(O33<=50,"30-50",">50")) -> 30-50 | Q33: =M33+N33 -> 5 | U33: {=_xlfn.IFS(F33<30000,"30k",F33<=50000,"30k-50k",F33<=75000,"50k-75k",F33<=100000,"75k-100k",F33>100000,"100k")} -> 30k | W33: =2026-YEAR(I33) -> 12
A34: 31 | B34: 3033 | C34: 1963 | D34: Master | E34: Together | F34: 38620 | G34: 0 | H34: 0 | I34: 41405 | J34: 56 | K34: =VLOOKUP(B34,purchase_dataset!$B$2:$F$2241,2,FALSE) -> 17 | L34: =VLOOKUP(B34,purchase_dataset!$B$2:$F$2241,3,FALSE) -> 22 | M34: =VLOOKUP(B34,purchase_dataset!$B$2:$F$2241,3,FALSE) -> 22 | N34: =VLOOKUP(B34,purchase_dataset!$B$2:$F$2241,5,FALSE) -> 3 | O34: 63 | P34: =IF(O34<30,"30",IF(O34<=50,"30-50",">50")) -> >50 | Q34: =M34+N34 -> 25 | U34: {=_xlfn.IFS(F34<30000,"30k",F34<=50000,"30k-50k",F34<=75000,"50k-75k",F34<=100000,"75k-100k",F34>100000,"100k")} -> 30k-50k | W34: =2026-YEAR(I34) -> 13
A35: 32 | B35: 5710 | C35: 1970 | D35: Graduation | E35: Together | F35: 40548 | G35: 0 | H35: 1 | I35: 41192 | J35: 31 | K35: =VLOOKUP(B35,purchase_dataset!$B$2:$F$2241,2,FALSE) -> 0 | L35: =VLOOKUP(B35,purchase_dataset!$B$2:$F$2241,3,FALSE) -> 0 | M35: =VLOOKUP(B35,purchase_dataset!$B$2:$F$2241,3,FALSE) -> 0 | N35: =VLOOKUP(B35,purchase_dataset!$B$2:$F$2241,5,FALSE) -> 4 | O35: 56 | P35: =IF(O35<30,"30",IF(O35<=50,"30-50",">50")) -> >50 | Q35: =M35+N35 -> 4 | U35: {=_xlfn.IFS(F35<30000,"30k",F35<=50000,"30k-50k",F35<=75000,"50k-75k",F35<=100000,"75k-100k",F35>100000,"100k")} -> 30k-50k | W35: =2026-YEAR(I35) -> 14
A36: 33 | B36: 7373 | C36: 1952 | D36: PhD | E36: Divorced | F36: 46610 | G36: 0 | H36: 2 | I36: 41211 | J36: 8 | K36: =VLOOKUP(B36,purchase_dataset!$B$2:$F$2241,2,FALSE) -> 12 | L36: =VLOOKUP(B36,purchase_dataset!$B$2:$F$2241,3,FALSE) -> 22 | M36: =VLOOKUP(B36,purchase_dataset!$B$2:$F$2241,3,FALSE) -> 22 | N36: =VLOOKUP(B36,purchase_dataset!$B$2:$F$2241,5,FALSE) -> 6 | O36: 74 | P36: =IF(O36<30,"30",IF(O36<=50,"30-50",">50")) -> >50 | Q36: =M36+N36 -> 28 | U36: {=_xlfn.IFS(F36<30000,"30k",F36<=50000,"30k-50k",F36<=75000,"50k-75k",F36<=100000,"75k-100k",F36>100000,"100k")} -> 30k-50k | W36: =2026-YEAR(I36) -> 14
A37: 34 | B37: 8755 | C37: 1946 | D37: Master | E37: Married | F37: 68657 | G37: 0 | H37: 0 | I37: 41325 | J37: 4 | K37: =VLOOKUP(B37,purchase_dataset!$B$2:$F$2241,2,FALSE) -> 34 | L37: =VLOOKUP(B37,purchase_dataset!$B$2:$F$2241,3,FALSE) -> 68 | M37: =VLOOKUP(B37,purchase_dataset!$B$2:$F$2241,3,FALSE) -> 68 | N37: =VLOOKUP(B37,purchase_dataset!$B$2:$F$2241,5,FALSE) -> 9 | O37: 80 | P37: =IF(O37<30,"30",IF(O37<=50,"30-50",">50")) -> >50 | Q37: =M37+N37 -> 77 | U37: {=_xlfn.IFS(F37<30000,"30k",F37<=50000,"30k-50k",F37<=75000,"50k-75k",F37<=100000,"75k-100k",F37>100000,"100k")} -> 50k-75k | W37: =2026-YEAR(I37) -> 13
A38: 35 | B38: 10738 | C38: 1951 | D38: Master | E38: Single | F38: 49389 | G38: 1 | H38: 1 | I38: 41515 | J38: 55 | K38: =VLOOKUP(B38,purchase_dataset!$B$2:$F$2241,2,FALSE) -> 0 | L38: =VLOOKUP(B38,purchase_dataset!$B$2:$F$2241,3,FALSE) -> 1 | M38: =VLOOKUP(B38,purchase_dataset!$B$2:$F$2241,3,FALSE) -> 1 | N38: =VLOOKUP(B38,purchase_dataset!$B$2:$F$2241,5,FALSE) -> 3 | O38: 75 | P38: =IF(O38<30,"30",IF(O38<=50,"30-50",">50")) -> >50 | Q38: =M38+N38 -> 4 | U38: {=_xlfn.IFS(F38<30000,"30k",F38<=50000,"30k-50k",F38<=75000,"50k-75k",F38<=100000,"75k-100k",F38>100000,"100k")} -> 30k-50k | W38: =2026-YEAR(I38) -> 13
A39: 36 | B39: 4339 | C39: 1970 | D39: PhD | E39: Married | F39: 67353 | G39: 0 | H39: 1 | I39: 41639 | J39: 37 | K39: =VLOOKUP(B39,purchase_dataset!$B$2:$F$2241,2,FALSE) -> 17 | L39: =VLOOKUP(B39,purchase_dataset!$B$2:$F$2241,3,FALSE) -> 8 | M39: =VLOOKUP(B39,purchase_dataset!$B$2:$F$2241,3,FALSE) -> 8 | N39: =VLOOKUP(B39,purchase_dataset!$B$2:$F$2241,5,FALSE) -> 12 | O39: 56 | P39: =IF(O39<30,"30",IF(O39<=50,"30-50",">50")) -> >50 | Q39: =M39+N39 -> 20 | U39: {=_xlfn.IFS(F39<30000,"30k",F39<=50000,"30k-50k",F39<=75000,"50k-75k",F39<=100000,"75k-100k",F39>100000,"100k")} -> 50k-75k | W39: =2026-YEAR(I39) -> 13
A40: 37 | B40: 10755 | C40: 1976 | D40: 2n Cycle | E40: Married | F40: 23718 | G40: 1 | H40: 0 | I40: 41519 | J40: 76 | K40: =VLOOKUP(B40,purchase_dataset!$B$2:$F$2241,2,FALSE) -> 3 | L40: =VLOOKUP(B40,purchase_dataset!$B$2:$F$2241,3,FALSE) -> 7 | M40: =VLOOKUP(B40,purchase_dataset!$B$2:$F$2241,3,FALSE) -> 7 | N40: =VLOOKUP(B40,purchase_dataset!$B$2:$F$2241,5,FALSE) -> 2 | O40: 50 | P40: =IF(O40<30,"30",IF(O40<=50,"30-50",">50")) -> 30-50 | Q40: =M40+N40 -> 9 | U40: {=_xlfn.IFS(F40<30000,"30k",F40<=50000,"30k-50k",F40<=75000,"50k-75k",F40<=100000,"75k-100k",F40>100000,"100k")} -> 30k | W40: =2026-YEAR(I40) -> 13
A41: 38 | B41: 8595 | C41: 1973 | D41: Graduation | E41: Widow | F41: 42429 | G41: 0 | H41: 1 | I41: 41681 | J41: 99 | K41: =VLOOKUP(B41,purchase_dataset!$B$2:$F$2241,2,FALSE) -> 0 | L41: =VLOOKUP(B41,purchase_dataset!$B$2:$F$2241,3,FALSE) -> 0 | M41: =VLOOKUP(B41,purchase_dataset!$B$2:$F$2241,3,FALSE) -> 0 | N41: =VLOOKUP(B41,purchase_dataset!$B$2:$F$2241,5,FALSE) -> 3 | O41: 53 | P41: =IF(O41<30,"30",IF(O41<=50,"30-50",">50")) -> >50 | Q41: =M41+N41 -> 3 | U41: {=_xlfn.IFS(F41<30000,"30k",F41<=50000,"30k-50k",F41<=75000,"50k-75k",F41<=100000,"75k-100k",F41>100000,"100k")} -> 30k-50k | W41: =2026-YEAR(I41) -> 12
A42: 39 | B42: 2968 | C42: 1943 | D42: PhD | E42: Divorced | F42: 48948 | G42: 0 | H42: 0 | I42: 41306 | J42: 53 | K42: =VLOOKUP(B42,purchase_dataset!$B$2:$F$2241,2,FALSE) -> 8 | L42: =VLOOKUP(B42,purchase_dataset!$B$2:$F$2241,3,FALSE) -> 49 | M42: =VLOOKUP(B42,purchase_dataset!$B$2:$F$2241,3,FALSE) -> 49 | N42: =VLOOKUP(B42,purchase_dataset!$B$2:$F$2241,5,FALSE) -> 5 | O42: 83 | P42: =IF(O42<30,"30",IF(O42<=50,"30-50",">50")) -> >50 | Q42: =M42+N42 -> 54 | U42: {=_xlfn.IFS(F42<30000,"30k",F42<=50000,"30k-50k",F42<=75000,"50k-75k",F42<=100000,"75k-100k",F42>100000,"100k")} -> 30k-50k | W42: =2026-YEAR(I42) -> 13
... A45: 42 | B45: 8430 | C45: 1957 | D45: Graduation | E45: Together | F45: 21994 | G45: 0 | H45: 1 | I45: 41267 | J45: 4 | K45: =VLOOKUP(B45,purchase_dataset!$B$2:$F$2241,2,FALSE) -> 0 | L45: =VLOOKUP(B45,purchase_dataset!$B$2:$F$2241,3,FALSE) -> 1 | M45: =VLOOKUP(B45,purchase_dataset!$B$2:$F$2241,3,FALSE) -> 1 | N45: =VLOOKUP(B45,purchase_dataset!$B$2:$F$2241,5,FALSE) -> 3 | O45: 69 | P45: =IF(O45<30,"30",IF(O45<=50,"30-50",">50")) -> >50 | Q45: =M45+N45 -> 4 | U45: {=_xlfn.IFS(F45<30000,"30k",F45<=50000,"30k-50k",F45<=75000,"50k-75k",F45<=100000,"75k-100k",F45>100000,"100k")} -> 30k | W45: =2026-YEAR(I45) -> 14
A46: 43 | B46: 7281 | C46: 1959 | D46: PhD | E46: Single | G46: 0 | H46: 0 | I46: 41583 | J46: 80 | K46: =VLOOKUP(B46,purchase_dataset!$B$2:$F$2241,2,FALSE) -> 11 | L46: =VLOOKUP(B46,purchase_dataset!$B$2:$F$2241,3,FALSE) -> 2 | M46: =VLOOKUP(B46,purchase_dataset!$B$2:$F$2241,3,FALSE) -> 2 | N46: =VLOOKUP(B46,purchase_dataset!$B$2:$F$2241,5,FALSE) -> 4 | O46: 67 | P46: =IF(O46<30,"30",IF(O46<=50,"30-50",">50")) -> >50 | Q46: =M46+N46 -> 6 | U46: {=_xlfn.IFS(F46<30000,"30k",F46<=50000,"30k-50k",F46<=75000,"50k-75k",F46<=100000,"75k-100k",F46>100000,"100k")} -> 30k | W46: =2026-YEAR(I46) -> 13
A47: 44 | B47: 2139 | C47: 1975 | D47: Master | E47: Married | F47: 7500 | G47: 1 | H47: 0 | I47: 41549 | J47: 19 | K47: =VLOOKUP(B47,purchase_dataset!$B$2:$F$2241,2,FALSE) -> 1 | L47: =VLOOKUP(B47,purchase_dataset!$B$2:$F$2241,3,FALSE) -> 2 | M47: =VLOOKUP(B47,purchase_dataset!$B$2:$F$2241,3,FALSE) -> 2 | N47: =VLOOKUP(B47,purchase_dataset!$B$2:$F$2241,5,FALSE) -> 3 | O47: 51 | P47: =IF(O47<30,"30",IF(O47<=50,"30-50",">50")) -> >50 | Q47: =M47+N47 -> 5 | U47: {=_xlfn.IFS(F47<30000,"30k",F47<=50000,"30k-50k",F47<=75000,"50k-75k",F47<=100000,"75k-100k",F47>100000,"100k")} -> 30k | W47: =2026-YEAR(I47) -> 13
A48: 45 | B48: 1371 | C48: 1976 | D48: Graduation | E48: Single | F48: 79941 | G48: 0 | H48: 0 | I48: 41818 | J48: 72 | K48: =VLOOKUP(B48,purchase_dataset!$B$2:$F$2241,2,FALSE) -> 164 | L48: =VLOOKUP(B48,purchase_dataset!$B$2:$F$2241,3,FALSE) -> 30 | M48: =VLOOKUP(B48,purchase_dataset!$B$2:$F$2241,3,FALSE) -> 30 | N48: =VLOOKUP(B48,purchase_dataset!$B$2:$F$2241,5,FALSE) -> 9 | O48: 50 | P48: =IF(O48<30,"30",IF(O48<=50,"30-50",">50")) -> 30-50 | Q48: =M48+N48 -> 39 | U48: {=_xlfn.IFS(F48<30000,"30k",F48<=50000,"30k-50k",F48<=75000,"50k-75k",F48<=100000,"75k-100k",F48>100000,"100k")} -> 75k-100k | W48: =2026-YEAR(I48) -> 12
A49: 46 | B49: 9909 | C49: 1996 | D49: 2n Cycle | E49: Married | F49: 7500 | G49: 0 | H49: 0 | I49: 41222 | J49: 24 | K49: =VLOOKUP(B49,purchase_dataset!$B$2:$F$2241,2,FALSE) -> 18 | L49: =VLOOKUP(B49,purchase_dataset!$B$2:$F$2241,3,FALSE) -> 22 | M49: =VLOOKUP(B49,purchase_dataset!$B$2:$F$2241,3,FALSE) -> 22 | N49: =VLOOKUP(B49,purchase_dataset!$B$2:$F$2241,5,FALSE) -> 3 | O49: 30 | P49: =IF(O49<30,"30",IF(O49<=50,"30-50",">50")) -> 30-50 | Q49: =M49+N49 -> 25 | U49: {=_xlfn.IFS(F49<30000,"30k",F49<=50000,"30k-50k",F49<=75000,"50k-75k",F49<=100000,"75k-100k",F49>100000,"100k")} -> 30k | W49: =2026-YEAR(I49) -> 14
A50: 47 | B50: 7286 | C50: 1968 | D50: Graduation | E50: Together | F50: 41728 | G50: 1 | H50: 0 | I50: 41418 | J50: 92 | K50: =VLOOKUP(B50,purchase_dataset!$B$2:$F$2241,2,FALSE) -> 6 | L50: =VLOOKUP(B50,purchase_dataset!$B$2:$F$2241,3,FALSE) -> 5 | M50: =VLOOKUP(B50,purchase_dataset!$B$2:$F$2241,3,FALSE) -> 5 | N50: =VLOOKUP(B50,purchase_dataset!$B$2:$F$2241,5,FALSE) -> 2 | O50: 58 | P50: =IF(O50<30,"30",IF(O50<=50,"30-50",">50")) -> >50 | Q50: =M50+N50 -> 7 | U50: {=_xlfn.IFS(F50<30000,"30k",F50<=50000,"30k-50k",F50<=75000,"50k-75k",F50<=100000,"75k-100k",F50>100000,"100k")} -> 30k-50k | W50: =2026-YEAR(I50) -> 13
A51: 48 | B51: 7244 | C51: 1951 | D51: Graduation | E51: Single | G51: 2 | H51: 1 | I51: 41640 | J51: 96 | K51: =VLOOKUP(B51,purchase_dataset!$B$2:$F$2241,2,FALSE) -> 5 | L51: =VLOOKUP(B51,purchase_dataset!$B$2:$F$2241,3,FALSE) -> 10 | M51: =VLOOKUP(B51,purchase_dataset!$B$2:$F$2241,3,FALSE) -> 10 | N51: =VLOOKUP(B51,purchase_dataset!$B$2:$F$2241,5,FALSE) -> 4 | O51: 75 | P51: =IF(O51<30,"30",IF(O51<=50,"30-50",">50")) -> >50 | Q51: =M51+N51 -> 14 | U51: {=_xlfn.IFS(F51<30000,"30k",F51<=50000,"30k-50k",F51<=75000,"50k-75k",F51<=100000,"75k-100k",F51>100000,"100k")} -> 30k | W51: =2026-YEAR(I51) -> 12
A52: 49 | B52: 6566 | C52: 1954 | D52: PhD | E52: Married | F52: 72550 | G52: 1 | H52: 1 | I52: 41221 | J52: 39 | K52: =VLOOKUP(B52,purchase_dataset!$B$2:$F$2241,2,FALSE) -> 50 | L52: =VLOOKUP(B52,purchase_dataset!$B$2:$F$2241,3,FALSE) -> 38 | M52: =VLOOKUP(B52,purchase_dataset!$B$2:$F$2241,3,FALSE) -> 38 | N52: =VLOOKUP(B52,purchase_dataset!$B$2:$F$2241,5,FALSE) -> 12 | O52: 72 | P52: =IF(O52<30,"30",IF(O52<=50,"30-50",">50")) -> >50 | Q52: =M52+N52 -> 50 | U52: {=_xlfn.IFS(F52<30000,"30k",F52<=50000,"30k-50k",F52<=75000,"50k-75k",F52<=100000,"75k-100k",F52>100000,"100k")} -> 50k-75k | W52: =2026-YEAR(I52) -> 14
A53: 50 | B53: 8614 | C53: 1957 | D53: Graduation | E53: Widow | F53: 65486 | G53: 0 | H53: 1 | I53: 41771 | J53: 29 | K53: =VLOOKUP(B53,purchase_dataset!$B$2:$F$2241,2,FALSE) -> 19 | L53: =VLOOKUP(B53,purchase_dataset!$B$2:$F$2241,3,FALSE) -> 67 | M53: =VLOOKUP(B53,purchase_dataset!$B$2:$F$2241,3,FALSE) -> 67 | N53: =VLOOKUP(B53,purchase_dataset!$B$2:$F$2241,5,FALSE) -> 10 | O53: 69 | P53: =IF(O53<30,"30",IF(O53<=50,"30-50",">50")) -> >50 | Q53: =M53+N53 -> 77 | U53: {=_xlfn.IFS(F53<30000,"30k",F53<=50000,"30k-50k",F53<=75000,"50k-75k",F53<=100000,"75k-100k",F53>100000,"100k")} -> 50k-75k | W53: =2026-YEAR(I53) -> 12
A54: 51 | B54: 4114 | C54: 1964 | D54: Master | E54: Married | F54: 79143 | G54: 0 | H54: 0 | I54: 41132 | J54: 2 | K54: =VLOOKUP(B54,purchase_dataset!$B$2:$F$2241,2,FALSE) -> 37 | L54: =VLOOKUP(B54,purchase_dataset!$B$2:$F$2241,3,FALSE) -> 167 | M54: =VLOOKUP(B54,purchase_dataset!$B$2:$F$2241,3,FALSE) -> 167 | N54: =VLOOKUP(B54,purchase_dataset!$B$2:$F$2241,5,FALSE) -> 13 | O54: 62 | P54: =IF(O54<30,"30",IF(O54<=50,"30-50",">50")) -> >50 | Q54: =M54+N54 -> 180 | U54: {=_xlfn.IFS(F54<30000,"30k",F54<=50000,"30k-50k",F54<=75000,"50k-75k",F54<=100000,"75k-100k",F54>100000,"100k")} -> 75k-100k | W54: =2026-YEAR(I54) -> 14
A55: 52 | B55: 1331 | C55: 1977 | D55: Graduation | E55: Single | F55: 35790 | G55: 1 | H55: 0 | I55: 41276 | J55: 54 | K55: =VLOOKUP(B55,purchase_dataset!$B$2:$F$2241,2,FALSE) -> 6 | L55: =VLOOKUP(B55,purchase_dataset!$B$2:$F$2241,3,FALSE) -> 1 | M55: =VLOOKUP(B55,purchase_dataset!$B$2:$F$2241,3,FALSE) -> 1 | N55: =VLOOKUP(B55,purchase_dataset!$B$2:$F$2241,5,FALSE) -> 3 | O55: 49 | P55: =IF(O55<30,"30",IF(O55<=50,"30-50",">50")) -> 30-50 | Q55: =M55+N55 -> 4 | U55: {=_xlfn.IFS(F55<30000,"30k",F55<=50000,"30k-50k",F55<=75000,"50k-75k",F55<=100000,"75k-100k",F55>100000,"100k")} -> 30k-50k | W55: =2026-YEAR(I55) -> 13
A56: 53 | B56: 2225 | C56: 1977 | D56: Graduation | E56: Divorced | F56: 82582 | G56: 0 | H56: 0 | I56: 41797 | J56: 54 | K56: =VLOOKUP(B56,purchase_dataset!$B$2:$F$2241,2,FALSE) -> 120 | L56: =VLOOKUP(B56,purchase_dataset!$B$2:$F$2241,3,FALSE) -> 40 | M56: =VLOOKUP(B56,purchase_dataset!$B$2:$F$2241,3,FALSE) -> 40 | N56: =VLOOKUP(B56,purchase_dataset!$B$2:$F$2241,5,FALSE) -> 7 | O56: 49 | P56: =IF(O56<30,"30",IF(O56<=50,"30-50",">50")) -> 30-50 | Q56: =M56+N56 -> 47 | U56: {=_xlfn.IFS(F56<30000,"30k",F56<=50000,"30k-50k",F56<=75000,"50k-75k",F56<=100000,"75k-100k",F56>100000,"100k")} -> 75k-100k | W56: =2026-YEAR(I56) -> 12
A57: 54 | B57: 9381 | C57: 1978 | D57: Graduation | E57: Married | F57: 66373 | G57: 1 | H57: 1 | I57: 41437 | J57: 57 | K57: =VLOOKUP(B57,purchase_dataset!$B$2:$F$2241,2,FALSE) -> 9 | L57: =VLOOKUP(B57,purchase_dataset!$B$2:$F$2241,3,FALSE) -> 24 | M57: =VLOOKUP(B57,purchase_dataset!$B$2:$F$2241,3,FALSE) -> 24 | N57: =VLOOKUP(B57,purchase_dataset!$B$2:$F$2241,5,FALSE) -> 10 | O57: 48 | P57: =IF(O57<30,"30",IF(O57<=50,"30-50",">50")) -> 30-50 | Q57: =M57+N57 -> 34 | U57: {=_xlfn.IFS(F57<30000,"30k",F57<=50000,"30k-50k",F57<=75000,"50k-75k",F57<=100000,"75k-100k",F57>100000,"100k")} -> 50k-75k | W57: =2026-YEAR(I57) -> 13
A58: 55 | B58: 6260 | C58: 1955 | D58: Master | E58: Together | F58: 82384 | G58: 0 | H58: 0 | I58: 41232 | J58: 55 | K58: =VLOOKUP(B58,purchase_dataset!$B$2:$F$2241,2,FALSE) -> 51 | L58: =VLOOKUP(B58,purchase_dataset!$B$2:$F$2241,3,FALSE) -> 120 | M58: =VLOOKUP(B58,purchase_dataset!$B$2:$F$2241,3,FALSE) -> 120 | N58: =VLOOKUP(B58,purchase_dataset!$B$2:$F$2241,5,FALSE) -> 13 | O58: 71 | P58: =IF(O58<30,"30",IF(O58<=50,"30-50",">50")) -> >50 | Q58: =M58+N58 -> 133 | U58: {=_xlfn.IFS(F58<30000,"30k",F58<=50000,"30k-50k",F58<=75000,"50k-75k",F58<=100000,"75k-100k",F58>100000,"100k")} -> 75k-100k | W58: =2026-YEAR(I58) -> 14
A59: 56 | B59: 10383 | C59: 1966 | D59: Graduation | E59: Divorced | F59: 70287 | G59: 0 | H59: 0 | I59: 41366 | J59: 30 | K59: =VLOOKUP(B59,purchase_dataset!$B$2:$F$2241,2,FALSE) -> 35 | L59: =VLOOKUP(B59,purchase_dataset!$B$2:$F$2241,3,FALSE) -> 120 | M59: =VLOOKUP(B59,purchase_dataset!$B$2:$F$2241,3,FALSE) -> 120 | N59: =VLOOKUP(B59,purchase_dataset!$B$2:$F$2241,5,FALSE) -> 10 | O59: 60 | P59: =IF(O59<30,"30",IF(O59<=50,"30-50",">50")) -> >50 | Q59: =M59+N59 -> 130 | U59: {=_xlfn.IFS(F59<30000,"30k",F59<=50000,"30k-50k",F59<=75000,"50k-75k",F59<=100000,"75k-100k",F59>100000,"100k")} -> 50k-75k | W59: =2026-YEAR(I59) -> 13
A60: 57 | B60: 7437 | C60: 1988 | D60: Graduation | E60: Single | F60: 27938 | G60: 1 | H60: 0 | I60: 41757 | J60: 31 | K60: =VLOOKUP(B60,purchase_dataset!$B$2:$F$2241,2,FALSE) -> 0 | L60: =VLOOKUP(B60,purchase_dataset!$B$2:$F$2241,3,FALSE) -> 1 | M60: =VLOOKUP(B60,purchase_dataset!$B$2:$F$2241,3,FALSE) -> 1 | N60: =VLOOKUP(B60,purchase_dataset!$B$2:$F$2241,5,FALSE) -> 4 | O60: 38 | P60: =IF(O60<30,"30",IF(O60<=50,"30-50",">50")) -> 30-50 | Q60: =M60+N60 -> 5 | U60: {=_xlfn.IFS(F60<30000,"30k",F60<=50000,"30k-50k",F60<=75000,"50k-75k",F60<=100000,"75k-100k",F60>100000,"100k")} -> 30k | W60: =2026-YEAR(I60) -> 12
A61: 58 | B61: 8557 | C61: 1982 | D61: Graduation | E61: Single | G61: 1 | H61: 0 | I61: 41442 | J61: 57 | K61: =VLOOKUP(B61,purchase_dataset!$B$2:$F$2241,2,FALSE) -> 3 | L61: =VLOOKUP(B61,purchase_dataset!$B$2:$F$2241,3,FALSE) -> 2 | M61: =VLOOKUP(B61,purchase_dataset!$B$2:$F$2241,3,FALSE) -> 2 | N61: =VLOOKUP(B61,purchase_dataset!$B$2:$F$2241,5,FALSE) -> 3 | O61: 44 | P61: =IF(O61<30,"30",IF(O61<=50,"30-50",">50")) -> 30-50 | Q61: =M61+N61 -> 5 | U61: {=_xlfn.IFS(F61<30000,"30k",F61<=50000,"30k-50k",F61<=75000,"50k-75k",F61<=100000,"75k-100k",F61>100000,"100k")} -> 30k | W61: =2026-YEAR(I61) -> 13
A62: 59 | B62: 8375 | C62: 1968 | D62: PhD | E62: Married | F62: 55954 | G62: 0 | H62: 1 | I62: 41701 | J62: 63 | K62: =VLOOKUP(B62,purchase_dataset!$B$2:$F$2241,2,FALSE) -> 0 | L62: =VLOOKUP(B62,purchase_dataset!$B$2:$F$2241,3,FALSE) -> 0 | M62: =VLOOKUP(B62,purchase_dataset!$B$2:$F$2241,3,FALSE) -> 0 | N62: =VLOOKUP(B62,purchase_dataset!$B$2:$F$2241,5,FALSE) -> 6 | O62: 58 | P62: =IF(O62<30,"30",IF(O62<=50,"30-50",">50")) -> >50 | Q62: =M62+N62 -> 6 | U62: {=_xlfn.IFS(F62<30000,"30k",F62<=50000,"30k-50k",F62<=75000,"50k-75k",F62<=100000,"75k-100k",F62>100000,"100k")} -> 50k-75k | W62: =2026-YEAR(I62) -> 12
A63: 60 | B63: 6853 | C63: 1982 | D63: Master | E63: Single | F63: 75777 | G63: 0 | H63: 0 | I63: 41459 | J63: 12 | K63: =VLOOKUP(B63,purchase_dataset!$B$2:$F$2241,2,FALSE) -> 26 | L63: =VLOOKUP(B63,purchase_dataset!$B$2:$F$2241,3,FALSE) -> 13 | M63: =VLOOKUP(B63,purchase_dataset!$B$2:$F$2241,3,FALSE) -> 13 | N63: =VLOOKUP(B63,purchase_dataset!$B$2:$F$2241,5,FALSE) -> 11 | O63: 44 | P63: =IF(O63<30,"30",IF(O63<=50,"30-50",">50")) -> 30-50 | Q63: =M63+N63 -> 24 | U63: {=_xlfn.IFS(F63<30000,"30k",F63<=50000,"30k-50k",F63<=75000,"50k-75k",F63<=100000,"75k-100k",F63>100000,"100k")} -> 75k-100k | W63: =2026-YEAR(I63) -> 13
A64: 61 | B64: 3076 | C64: 1975 | D64: Graduation | E64: Together | F64: 66653 | G64: 1 | H64: 1 | I64: 41159 | J64: 18 | K64: =VLOOKUP(B64,purchase_dataset!$B$2:$F$2241,2,FALSE) -> 18 | L64: =VLOOKUP(B64,purchase_dataset!$B$2:$F$2241,3,FALSE) -> 18 | M64: =VLOOKUP(B64,purchase_dataset!$B$2:$F$2241,3,FALSE) -> 18 | N64: =VLOOKUP(B64,purchase_dataset!$B$2:$F$2241,5,FALSE) -> 12 | O64: 51 | P64: =IF(O64<30,"30",IF(O64<=50,"30-50",">50")) -> >50 | Q64: =M64+N64 -> 30 | U64: {=_xlfn.IFS(F64<30000,"30k",F64<=50000,"30k-50k",F64<=75000,"50k-75k",F64<=100000,"75k-100k",F64>100000,"100k")} -> 50k-75k | W64: =2026-YEAR(I64) -> 14
A65: 62 | B65: 1012 | C65: 1952 | D65: Graduation | E65: Single | F65: 61823 | G65: 0 | H65: 1 | I65: 41323 | J65: 26 | K65: =VLOOKUP(B65,purchase_dataset!$B$2:$F$2241,2,FALSE) -> 7 | L65: =VLOOKUP(B65,purchase_dataset!$B$2:$F$2241,3,FALSE) -> 14 | M65: =VLOOKUP(B65,purchase_dataset!$B$2:$F$2241,3,FALSE) -> 14 | N65: =VLOOKUP(B65,purchase_dataset!$B$2:$F$2241,5,FALSE) -> 10 | O65: 74 | P65: =IF(O65<30,"30",IF(O65<=50,"30-50",">50")) -> >50 | Q65: =M65+N65 -> 24 | U65: {=_xlfn.IFS(F65<30000,"30k",F65<=50000,"30k-50k",F65<=75000,"50k-75k",F65<=100000,"75k-100k",F65>100000,"100k")} -> 50k-75k | W65: =2026-YEAR(I65) -> 13
A66: 63 | B66: 6518 | C66: 1951 | D66: PhD | E66: Widow | F66: 67680 | G66: 0 | H66: 1 | I66: 41436 | J66: 8 | K66: =VLOOKUP(B66,purchase_dataset!$B$2:$F$2241,2,FALSE) -> 0 | L66: =VLOOKUP(B66,purchase_dataset!$B$2:$F$2241,3,FALSE) -> 6 | M66: =VLOOKUP(B66,purchase_dataset!$B$2:$F$2241,3,FALSE) -> 6 | N66: =VLOOKUP(B66,purchase_dataset!$B$2:$F$2241,5,FALSE) -> 8 | O66: 75 | P66: =IF(O66<30,"30",IF(O66<=50,"30-50",">50")) -> >50 | Q66: =M66+N66 -> 14 | U66: {=_xlfn.IFS(F66<30000,"30k",F66<=50000,"30k-50k",F66<=75000,"50k-75k",F66<=100000,"75k-100k",F66>100000,"100k")} -> 50k-75k | W66: =2026-YEAR(I66) -> 13
A67: 64 | B67: 4137 | C67: 1948 | D67: Graduation | E67: Together | F67: 70666 | G67: 0 | H67: 0 | I67: 41614 | J67: 29 | K67: =VLOOKUP(B67,purchase_dataset!$B$2:$F$2241,2,FALSE) -> 40 | L67: =VLOOKUP(B67,purchase_dataset!$B$2:$F$2241,3,FALSE) -> 122 | M67: =VLOOKUP(B67,purchase_dataset!$B$2:$F$2241,3,FALSE) -> 122 | N67: =VLOOKUP(B67,purchase_dataset!$B$2:$F$2241,5,FALSE) -> 4 | O67: 78 | P67: =IF(O67<30,"30",IF(O67<=50,"30-50",">50")) -> >50 | Q67: =M67+N67 -> 126 | U67: {=_xlfn.IFS(F67<30000,"30k",F67<=50000,"30k-50k",F67<=75000,"50k-75k",F67<=100000,"75k-100k",F67>100000,"100k")} -> 50k-75k | W67: =2026-YEAR(I67) -> 13
A68: 65 | B68: 8082 | C68: 1971 | D68: Graduation | E68: Married | F68: 25721 | G68: 1 | H68: 0 | I68: 41415 | J68: 75 | K68: =VLOOKUP(B68,purchase_dataset!$B$2:$F$2241,2,FALSE) -> 3 | L68: =VLOOKUP(B68,purchase_dataset!$B$2:$F$2241,3,FALSE) -> 6 | M68: =VLOOKUP(B68,purchase_dataset!$B$2:$F$2241,3,FALSE) -> 6 | N68: =VLOOKUP(B68,purchase_dataset!$B$2:$F$2241,5,FALSE) -> 2 | O68: 55 | P68: =IF(O68<30,"30",IF(O68<=50,"30-50",">50")) -> >50 | Q68: =M68+N68 -> 8 | U68: {=_xlfn.IFS(F68<30000,"30k",F68<=50000,"30k-50k",F68<=75000,"50k-75k",F68<=100000,"75k-100k",F68>100000,"100k")} -> 30k | W68: =2026-YEAR(I68) -> 13
A69: 66 | B69: 1386 | C69: 1967 | D69: Graduation | E69: Together | F69: 32474 | G69: 1 | H69: 1 | I69: 41770 | J69: 0 | K69: =VLOOKUP(B69,purchase_dataset!$B$2:$F$2241,2,FALSE) -> 0 | L69: =VLOOKUP(B69,purchase_dataset!$B$2:$F$2241,3,FALSE) -> 0 | M69: =VLOOKUP(B69,purchase_dataset!$B$2:$F$2241,3,FALSE) -> 0 | N69: =VLOOKUP(B69,purchase_dataset!$B$2:$F$2241,5,FALSE) -> 2 | O69: 59 | P69: =IF(O69<30,"30",IF(O69<=50,"30-50",">50")) -> >50 | Q69: =M69+N69 -> 2 | U69: {=_xlfn.IFS(F69<30000,"30k",F69<=50000,"30k-50k",F69<=75000,"50k-75k",F69<=100000,"75k-100k",F69>100000,"100k")} -> 30k-50k | W69: =2026-YEAR(I69) -> 12
A70: 67 | B70: 9369 | C70: 1979 | D70: 2n Cycle | E70: Single | F70: 88194 | G70: 0 | H70: 1 | I70: 41717 | J70: 19 | K70: =VLOOKUP(B70,purchase_dataset!$B$2:$F$2241,2,FALSE) -> 14 | L70: =VLOOKUP(B70,purchase_dataset!$B$2:$F$2241,3,FALSE) -> 24 | M70: =VLOOKUP(B70,purchase_dataset!$B$2:$F$2241,3,FALSE) -> 24 | N70: =VLOOKUP(B70,purchase_dataset!$B$2:$F$2241,5,FALSE) -> 10 | O70: 47 | P70: =IF(O70<30,"30",IF(O70<=50,"30-50",">50")) -> 30-50 | Q70: =M70+N70 -> 34 | U70: {=_xlfn.IFS(F70<30000,"30k",F70<=50000,"30k-50k",F70<=75000,"50k-75k",F70<=100000,"75k-100k",F70>100000,"100k")} -> 75k-100k | W70: =2026-YEAR(I70) -> 12
A71: 68 | B71: 4477 | C71: 1958 | D71: Graduation | E71: Together | F71: 69096 | G71: 0 | H71: 1 | I71: 41544 | J71: 4 | K71: =VLOOKUP(B71,purchase_dataset!$B$2:$F$2241,2,FALSE) -> 49 | L71: =VLOOKUP(B71,purchase_dataset!$B$2:$F$2241,3,FALSE) -> 82 | M71: =VLOOKUP(B71,purchase_dataset!$B$2:$F$2241,3,FALSE) -> 82 | N71: =VLOOKUP(B71,purchase_dataset!$B$2:$F$2241,5,FALSE) -> 10 | O71: 68 | P71: =IF(O71<30,"30",IF(O71<=50,"30-50",">50")) -> >50 | Q71: =M71+N71 -> 92 | U71: {=_xlfn.IFS(F71<30000,"30k",F71<=50000,"30k-50k",F71<=75000,"50k-75k",F71<=100000,"75k-100k",F71>100000,"100k")} -> 50k-75k | W71: =2026-YEAR(I71) -> 13
A72: 69 | B72: 1357 | C72: 1970 | D72: Graduation | E72: Together | F72: 74854 | G72: 1 | H72: 2 | I72: 41372 | J72: 90 | K72: =VLOOKUP(B72,purchase_dataset!$B$2:$F$2241,2,FALSE) -> 59 | L72: =VLOOKUP(B72,purchase_dataset!$B$2:$F$2241,3,FALSE) -> 29 | M72: =VLOOKUP(B72,purchase_dataset!$B$2:$F$2241,3,FALSE) -> 29 | N72: =VLOOKUP(B72,purchase_dataset!$B$2:$F$2241,5,FALSE) -> 5 | O72: 56 | P72: =IF(O72<30,"30",IF(O72<=50,"30-50",">50")) -> >50 | Q72: =M72+N72 -> 34 | U72: {=_xlfn.IFS(F72<30000,"30k",F72<=50000,"30k-50k",F72<=75000,"50k-75k",F72<=100000,"75k-100k",F72>100000,"100k")} -> 50k-75k | W72: =2026-YEAR(I72) -> 13
A73: 70 | B73: 1402 | C73: 1954 | D73: Master | E73: Married | F73: 66991 | G73: 0 | H73: 0 | I73: 41163 | J73: 1 | K73: =VLOOKUP(B73,purchase_dataset!$B$2:$F$2241,2,FALSE) -> 36 | L73: =VLOOKUP(B73,purchase_dataset!$B$2:$F$2241,3,FALSE) -> 60 | M73: =VLOOKUP(B73,purchase_dataset!$B$2:$F$2241,3,FALSE) -> 60 | N73: =VLOOKUP(B73,purchase_dataset!$B$2:$F$2241,5,FALSE) -> 6 | O73: 72 | P73: =IF(O73<30,"30",IF(O73<=50,"30-50",">50")) -> >50 | Q73: =M73+N73 -> 66 | U73: {=_xlfn.IFS(F73<30000,"30k",F73<=50000,"30k-50k",F73<=75000,"50k-75k",F73<=100000,"75k-100k",F73>100000,"100k")} -> 50k-75k | W73: =2026-YEAR(I73) -> 14
A74: 71 | B74: 10629 | C74: 1973 | D74: 2n Cycle | E74: Married | G74: 1 | H74: 0 | I74: 41166 | J74: 25 | K74: =VLOOKUP(B74,purchase_dataset!$B$2:$F$2241,2,FALSE) -> 3 | L74: =VLOOKUP(B74,purchase_dataset!$B$2:$F$2241,3,FALSE) -> 4 | M74: =VLOOKUP(B74,purchase_dataset!$B$2:$F$2241,3,FALSE) -> 4 | N74: =VLOOKUP(B74,purchase_dataset!$B$2:$F$2241,5,FALSE) -> 3 | O74: 53 | P74: =IF(O74<30,"30",IF(O74<=50,"30-50",">50")) -> >50 | Q74: =M74+N74 -> 7 | U74: {=_xlfn.IFS(F74<30000,"30k",F74<=50000,"30k-50k",F74<=75000,"50k-75k",F74<=100000,"75k-100k",F74>100000,"100k")} -> 30k | W74: =2026-YEAR(I74) -> 14
A75: 72 | B75: 6312 | C75: 1959 | D75: Graduation | E75: Married | F75: 65031 | G75: 0 | H75: 1 | I75: 41350 | J75: 29 | K75: =VLOOKUP(B75,purchase_dataset!$B$2:$F$2241,2,FALSE) -> 107 | L75: =VLOOKUP(B75,purchase_dataset!$B$2:$F$2241,3,FALSE) -> 37 | M75: =VLOOKUP(B75,purchase_dataset!$B$2:$F$2241,3,FALSE) -> 37 | N75: =VLOOKUP(B75,purchase_dataset!$B$2:$F$2241,5,FALSE) -> 13 | O75: 67 | P75: =IF(O75<30,"30",IF(O75<=50,"30-50",">50")) -> >50 | Q75: =M75+N75 -> 50 | U75: {=_xlfn.IFS(F75<30000,"30k",F75<=50000,"30k-50k",F75<=75000,"50k-75k",F75<=100000,"75k-100k",F75>100000,"100k")} -> 50k-75k | W75: =2026-YEAR(I75) -> 13
A76: 73 | B76: 8132 | C76: 1975 | D76: PhD | E76: Married | F76: 60631 | G76: 1 | H76: 1 | I76: 41369 | J76: 88 | K76: =VLOOKUP(B76,purchase_dataset!$B$2:$F$2241,2,FALSE) -> 6 | L76: =VLOOKUP(B76,purchase_dataset!$B$2:$F$2241,3,FALSE) -> 6 | M76: =VLOOKUP(B76,purchase_dataset!$B$2:$F$2241,3,FALSE) -> 6 | N76: =VLOOKUP(B76,purchase_dataset!$B$2:$F$2241,5,FALSE) -> 8 | O76: 51 | P76: =IF(O76<30,"30",IF(O76<=50,"30-50",">50")) -> >50 | Q76: =M76+N76 -> 14 | U76: {=_xlfn.IFS(F76<30000,"30k",F76<=50000,"30k-50k",F76<=75000,"50k-75k",F76<=100000,"75k-100k",F76>100000,"100k")} -> 50k-75k | W76: =2026-YEAR(I76) -> 13
A77: 74 | B77: 1050 | C77: 1952 | D77: Graduation | E77: Married | F77: 28332 | G77: 0 | H77: 0 | I77: 41759 | J77: 58 | K77: =VLOOKUP(B77,purchase_dataset!$B$2:$F$2241,2,FALSE) -> 10 | L77: =VLOOKUP(B77,purchase_dataset!$B$2:$F$2241,3,FALSE) -> 15 | M77: =VLOOKUP(B77,purchase_dataset!$B$2:$F$2241,3,FALSE) -> 15 | N77: =VLOOKUP(B77,purchase_dataset!$B$2:$F$2241,5,FALSE) -> 4 | O77: 74 | P77: =IF(O77<30,"30",IF(O77<=50,"30-50",">50")) -> >50 | Q77: =M77+N77 -> 19 | U77: {=_xlfn.IFS(F77<30000,"30k",F77<=50000,"30k-50k",F77<=75000,"50k-75k",F77<=100000,"75k-100k",F77>100000,"100k")} -> 30k | W77: =2026-YEAR(I77) -> 12
A78: 75 | B78: 5846 | C78: 1977 | D78: Graduation | E78: Divorced | F78: 40246 | G78: 1 | H78: 0 | I78: 41262 | J78: 68 | K78: =VLOOKUP(B78,purchase_dataset!$B$2:$F$2241,2,FALSE) -> 1 | L78: =VLOOKUP(B78,purchase_dataset!$B$2:$F$2241,3,FALSE) -> 1 | M78: =VLOOKUP(B78,purchase_dataset!$B$2:$F$2241,3,FALSE) -> 1 | N78: =VLOOKUP(B78,purchase_dataset!$B$2:$F$2241,5,FALSE) -> 2 | O78: 49 | P78: =IF(O78<30,"30",IF(O78<=50,"30-50",">50")) -> 30-50 | Q78: =M78+N78 -> 3 | U78: {=_xlfn.IFS(F78<30000,"30k",F78<=50000,"30k-50k",F78<=75000,"50k-75k",F78<=100000,"75k-100k",F78>100000,"100k")} -> 30k-50k | W78: =2026-YEAR(I78) -> 14
A79: 76 | B79: 1859 | C79: 1972 | D79: Master | E79: Married | F79: 75251 | G79: 0 | H79: 0 | I79: 41148 | J79: 34 | K79: =VLOOKUP(B79,purchase_dataset!$B$2:$F$2241,2,FALSE) -> 111 | L79: =VLOOKUP(B79,purchase_dataset!$B$2:$F$2241,3,FALSE) -> 18 | M79: =VLOOKUP(B79,purchase_dataset!$B$2:$F$2241,3,FALSE) -> 18 | N79: =VLOOKUP(B79,purchase_dataset!$B$2:$F$2241,5,FALSE) -> 5 | O79: 54 | P79: =IF(O79<30,"30",IF(O79<=50,"30-50",">50")) -> >50 | Q79: =M79+N79 -> 23 | U79: {=_xlfn.IFS(F79<30000,"30k",F79<=50000,"30k-50k",F79<=75000,"50k-75k",F79<=100000,"75k-100k",F79>100000,"100k")} -> 75k-100k | W79: =2026-YEAR(I79) -> 14
A80: 77 | B80: 7503 | C80: 1976 | D80: Graduation | E80: Single | F80: 75825 | G80: 0 | H80: 0 | I80: 41194 | J80: 40 | K80: =VLOOKUP(B80,purchase_dataset!$B$2:$F$2241,2,FALSE) -> 105 | L80: =VLOOKUP(B80,purchase_dataset!$B$2:$F$2241,3,FALSE) -> 105 | M80: =VLOOKUP(B80,purchase_dataset!$B$2:$F$2241,3,FALSE) -> 105 | N80: =VLOOKUP(B80,purchase_dataset!$B$2:$F$2241,5,FALSE) -> 9 | O80: 50 | P80: =IF(O80<30,"30",IF(O80<=50,"30-50",">50")) -> 30-50 | Q80: =M80+N80 -> 114 | U80: {=_xlfn.IFS(F80<30000,"30k",F80<=50000,"30k-50k",F80<=75000,"50k-75k",F80<=100000,"75k-100k",F80>100000,"100k")} -> 75k-100k | W80: =2026-YEAR(I80) -> 14
A81: 78 | B81: 10401 | C81: 1976 | D81: 2n Cycle | E81: Together | F81: 26326 | G81: 0 | H81: 0 | I81: 41521 | J81: 12 | K81: =VLOOKUP(B81,purchase_dataset!$B$2:$F$2241,2,FALSE) -> 0 | L81: =VLOOKUP(B81,purchase_dataset!$B$2:$F$2241,3,FALSE) -> 3 | M81: =VLOOKUP(B81,purchase_dataset!$B$2:$F$2241,3,FALSE) -> 3 | N81: =VLOOKUP(B81,purchase_dataset!$B$2:$F$2241,5,FALSE) -> 3 | O81: 50 | P81: =IF(O81<30,"30",IF(O81<=50,"30-50",">50")) -> 30-50 | Q81: =M81+N81 -> 6 | U81: {=_xlfn.IFS(F81<30000,"30k",F81<=50000,"30k-50k",F81<=75000,"50k-75k",F81<=100000,"75k-100k",F81>100000,"100k")} -> 30k | W81: =2026-YEAR(I81) -> 13
A82: 79 | B82: 1618 | C82: 1965 | D82: Graduation | E82: Together | F82: 56046 | G82: 0 | H82: 0 | I82: 41276 | J82: 9 | K82: =VLOOKUP(B82,purchase_dataset!$B$2:$F$2241,2,FALSE) -> 0 | L82: =VLOOKUP(B82,purchase_dataset!$B$2:$F$2241,3,FALSE) -> 0 | M82: =VLOOKUP(B82,purchase_dataset!$B$2:$F$2241,3,FALSE) -> 0 | N82: =VLOOKUP(B82,purchase_dataset!$B$2:$F$2241,5,FALSE) -> 8 | O82: 61 | P82: =IF(O82<30,"30",IF(O82<=50,"30-50",">50")) -> >50 | Q82: =M82+N82 -> 8 | U82: {=_xlfn.IFS(F82<30000,"30k",F82<=50000,"30k-50k",F82<=75000,"50k-75k",F82<=100000,"75k-100k",F82>100000,"100k")} -> 50k-75k | W82: =2026-YEAR(I82) -> 13
A83: 80 | B83: 3332 | C83: 1985 | D83: Graduation | E83: Single | F83: 29760 | G83: 1 | H83: 0 | I83: 41150 | J83: 87 | K83: =VLOOKUP(B83,purchase_dataset!$B$2:$F$2241,2,FALSE) -> 4 | L83: =VLOOKUP(B83,purchase_dataset!$B$2:$F$2241,3,FALSE) -> 5 | M83: =VLOOKUP(B83,purchase_dataset!$B$2:$F$2241,3,FALSE) -> 5 | N83: =VLOOKUP(B83,purchase_dataset!$B$2:$F$2241,5,FALSE) -> 4 | O83: 41 | P83: =IF(O83<30,"30",IF(O83<=50,"30-50",">50")) -> 30-50 | Q83: =M83+N83 -> 9 | U83: {=_xlfn.IFS(F83<30000,"30k",F83<=50000,"30k-50k",F83<=75000,"50k-75k",F83<=100000,"75k-100k",F83>100000,"100k")} -> 30k | W83: =2026-YEAR(I83) -> 14
A84: 81 | B84: 2261 | C84: 1969 | D84: Graduation | E84: Married | F84: 26304 | G84: 1 | H84: 0 | I84: 41448 | J84: 5 | K84: =VLOOKUP(B84,purchase_dataset!$B$2:$F$2241,2,FALSE) -> 1 | L84: =VLOOKUP(B84,purchase_dataset!$B$2:$F$2241,3,FALSE) -> 0 | M84: =VLOOKUP(B84,purchase_dataset!$B$2:$F$2241,3,FALSE) -> 0 | N84: =VLOOKUP(B84,purchase_dataset!$B$2:$F$2241,5,FALSE) -> 2 | O84: 57 | P84: =IF(O84<30,"30",IF(O84<=50,"30-50",">50")) -> >50 | Q84: =M84+N84 -> 2 | U84: {=_xlfn.IFS(F84<30000,"30k",F84<=50000,"30k-50k",F84<=75000,"50k-75k",F84<=100000,"75k-100k",F84>100000,"100k")} -> 30k | W84: =2026-YEAR(I84) -> 13
A85: 82 | B85: 5346 | C85: 1973 | D85: 2n Cycle | E85: Married | F85: 23559 | G85: 1 | H85: 0 | I85: 41458 | J85: 87 | K85: =VLOOKUP(B85,purchase_dataset!$B$2:$F$2241,2,FALSE) -> 5 | L85: =VLOOKUP(B85,purchase_dataset!$B$2:$F$2241,3,FALSE) -> 0 | M85: =VLOOKUP(B85,purchase_dataset!$B$2:$F$2241,3,FALSE) -> 0 | N85: =VLOOKUP(B85,purchase_dataset!$B$2:$F$2241,5,FALSE) -> 3 | O85: 53 | P85: =IF(O85<30,"30",IF(O85<=50,"30-50",">50")) -> >50 | Q85: =M85+N85 -> 3 | U85: {=_xlfn.IFS(F85<30000,"30k",F85<=50000,"30k-50k",F85<=75000,"50k-75k",F85<=100000,"75k-100k",F85>100000,"100k")} -> 30k | W85: =2026-YEAR(I85) -> 13
A86: 83 | B86: 4119 | C86: 1963 | D86: Master | E86: Together | F86: 38620 | G86: 0 | H86: 0 | I86: 41405 | J86: 56 | K86: =VLOOKUP(B86,purchase_dataset!$B$2:$F$2241,2,FALSE) -> 17 | L86: =VLOOKUP(B86,purchase_dataset!$B$2:$F$2241,3,FALSE) -> 22 | M86: =VLOOKUP(B86,purchase_dataset!$B$2:$F$2241,3,FALSE) -> 22 | N86: =VLOOKUP(B86,purchase_dataset!$B$2:$F$2241,5,FALSE) -> 3 | O86: 63 | P86: =IF(O86<30,"30",IF(O86<=50,"30-50",">50")) -> >50 | Q86: =M86+N86 -> 25 | U86: {=_xlfn.IFS(F86<30000,"30k",F86<=50000,"30k-50k",F86<=75000,"50k-75k",F86<=100000,"75k-100k",F86>100000,"100k")} -> 30k-50k | W86: =2026-YEAR(I86) -> 13
... A92: 89 | B92: 771 | C92: 1967 | D92: Graduation | E92: Together | F92: 54178 | G92: 0 | H92: 1 | I92: 41660 | J92: 79 | K92: =VLOOKUP(B92,purchase_dataset!$B$2:$F$2241,2,FALSE) -> 9 | L92: =VLOOKUP(B92,purchase_dataset!$B$2:$F$2241,3,FALSE) -> 0 | M92: =VLOOKUP(B92,purchase_dataset!$B$2:$F$2241,3,FALSE) -> 0 | N92: =VLOOKUP(B92,purchase_dataset!$B$2:$F$2241,5,FALSE) -> 5 | O92: 59 | P92: =IF(O92<30,"30",IF(O92<=50,"30-50",">50")) -> >50 | Q92: =M92+N92 -> 5 | U92: {=_xlfn.IFS(F92<30000,"30k",F92<=50000,"30k-50k",F92<=75000,"50k-75k",F92<=100000,"75k-100k",F92>100000,"100k")} -> 50k-75k | W92: =2026-YEAR(I92) -> 12
A93: 90 | B93: 8996 | C93: 1957 | D93: PhD | E93: Married | G93: 2 | H93: 1 | I93: 41232 | J93: 4 | K93: =VLOOKUP(B93,purchase_dataset!$B$2:$F$2241,2,FALSE) -> 42 | L93: =VLOOKUP(B93,purchase_dataset!$B$2:$F$2241,3,FALSE) -> 37 | M93: =VLOOKUP(B93,purchase_dataset!$B$2:$F$2241,3,FALSE) -> 37 | N93: =VLOOKUP(B93,purchase_dataset!$B$2:$F$2241,5,FALSE) -> 8 | O93: 69 | P93: =IF(O93<30,"30",IF(O93<=50,"30-50",">50")) -> >50 | Q93: =M93+N93 -> 45 | U93: {=_xlfn.IFS(F93<30000,"30k",F93<=50000,"30k-50k",F93<=75000,"50k-75k",F93<=100000,"75k-100k",F93>100000,"100k")} -> 30k | W93: =2026-YEAR(I93) -> 14
A94: 91 | B94: 9235 | C94: 1957 | D94: Graduation | E94: Single | G94: 1 | H94: 1 | I94: 41786 | J94: 45 | K94: =VLOOKUP(B94,purchase_dataset!$B$2:$F$2241,2,FALSE) -> 0 | L94: =VLOOKUP(B94,purchase_dataset!$B$2:$F$2241,3,FALSE) -> 0 | M94: =VLOOKUP(B94,purchase_dataset!$B$2:$F$2241,3,FALSE) -> 0 | N94: =VLOOKUP(B94,purchase_dataset!$B$2:$F$2241,5,FALSE) -> 2 | O94: 69 | P94: =IF(O94<30,"30",IF(O94<=50,"30-50",">50")) -> >50 | Q94: =M94+N94 -> 2 | U94: {=_xlfn.IFS(F94<30000,"30k",F94<=50000,"30k-50k",F94<=75000,"50k-75k",F94<=100000,"75k-100k",F94>100000,"100k")} -> 30k | W94: =2026-YEAR(I94) -> 12
A95: 92 | B95: 5798 | C95: 1973 | D95: Master | E95: Together | G95: 0 | H95: 0 | I95: 41601 | J95: 87 | K95: =VLOOKUP(B95,purchase_dataset!$B$2:$F$2241,2,FALSE) -> 37 | L95: =VLOOKUP(B95,purchase_dataset!$B$2:$F$2241,3,FALSE) -> 28 | M95: =VLOOKUP(B95,purchase_dataset!$B$2:$F$2241,3,FALSE) -> 28 | N95: =VLOOKUP(B95,purchase_dataset!$B$2:$F$2241,5,FALSE) -> 8 | O95: 53 | P95: =IF(O95<30,"30",IF(O95<=50,"30-50",">50")) -> >50 | Q95: =M95+N95 -> 36 | U95: {=_xlfn.IFS(F95<30000,"30k",F95<=50000,"30k-50k",F95<=75000,"50k-75k",F95<=100000,"75k-100k",F95>100000,"100k")} -> 30k | W95: =2026-YEAR(I95) -> 13
A96: 93 | B96: 11178 | C96: 1972 | D96: Master | E96: Single | F96: 42394 | G96: 1 | H96: 0 | I96: 41721 | J96: 69 | K96: =VLOOKUP(B96,purchase_dataset!$B$2:$F$2241,2,FALSE) -> 2 | L96: =VLOOKUP(B96,purchase_dataset!$B$2:$F$2241,3,FALSE) -> 1 | M96: =VLOOKUP(B96,purchase_dataset!$B$2:$F$2241,3,FALSE) -> 1 | N96: =VLOOKUP(B96,purchase_dataset!$B$2:$F$2241,5,FALSE) -> 3 | O96: 54 | P96: =IF(O96<30,"30",IF(O96<=50,"30-50",">50")) -> >50 | Q96: =M96+N96 -> 4 | U96: {=_xlfn.IFS(F96<30000,"30k",F96<=50000,"30k-50k",F96<=75000,"50k-75k",F96<=100000,"75k-100k",F96>100000,"100k")} -> 30k-50k | W96: =2026-YEAR(I96) -> 12
A97: 94 | B97: 2230 | C97: 1970 | D97: PhD | E97: Married | F97: 23626 | G97: 1 | H97: 0 | I97: 41783 | J97: 84 | K97: =VLOOKUP(B97,purchase_dataset!$B$2:$F$2241,2,FALSE) -> 2 | L97: =VLOOKUP(B97,purchase_dataset!$B$2:$F$2241,3,FALSE) -> 0 | M97: =VLOOKUP(B97,purchase_dataset!$B$2:$F$2241,3,FALSE) -> 0 | N97: =VLOOKUP(B97,purchase_dataset!$B$2:$F$2241,5,FALSE) -> 3 | O97: 56 | P97: =IF(O97<30,"30",IF(O97<=50,"30-50",">50")) -> >50 | Q97: =M97+N97 -> 3 | U97: {=_xlfn.IFS(F97<30000,"30k",F97<=50000,"30k-50k",F97<=75000,"50k-75k",F97<=100000,"75k-100k",F97>100000,"100k")} -> 30k | W97: =2026-YEAR(I97) -> 12
A98: 95 | B98: 7516 | C98: 1983 | D98: Graduation | E98: Married | F98: 30096 | G98: 1 | H98: 0 | I98: 41781 | J98: 30 | K98: =VLOOKUP(B98,purchase_dataset!$B$2:$F$2241,2,FALSE) -> 3 | L98: =VLOOKUP(B98,purchase_dataset!$B$2:$F$2241,3,FALSE) -> 5 | M98: =VLOOKUP(B98,purchase_dataset!$B$2:$F$2241,3,FALSE) -> 5 | N98: =VLOOKUP(B98,purchase_dataset!$B$2:$F$2241,5,FALSE) -> 3 | O98: 43 | P98: =IF(O98<30,"30",IF(O98<=50,"30-50",">50")) -> 30-50 | Q98: =M98+N98 -> 8 | U98: {=_xlfn.IFS(F98<30000,"30k",F98<=50000,"30k-50k",F98<=75000,"50k-75k",F98<=100000,"75k-100k",F98>100000,"100k")} -> 30k-50k | W98: =2026-YEAR(I98) -> 12
A99: 96 | B99: 7247 | C99: 1960 | D99: Graduation | E99: Widow | F99: 47916 | G99: 0 | H99: 1 | I99: 41235 | J99: 72 | K99: =VLOOKUP(B99,purchase_dataset!$B$2:$F$2241,2,FALSE) -> 0 | L99: =VLOOKUP(B99,purchase_dataset!$B$2:$F$2241,3,FALSE) -> 0 | M99: =VLOOKUP(B99,purchase_dataset!$B$2:$F$2241,3,FALSE) -> 0 | N99: =VLOOKUP(B99,purchase_dataset!$B$2:$F$2241,5,FALSE) -> 6 | O99: 66 | P99: =IF(O99<30,"30",IF(O99<=50,"30-50",">50")) -> >50 | Q99: =M99+N99 -> 6 | U99: {=_xlfn.IFS(F99<30000,"30k",F99<=50000,"30k-50k",F99<=75000,"50k-75k",F99<=100000,"75k-100k",F99>100000,"100k")} -> 30k-50k | W99: =2026-YEAR(I99) -> 14
A100: 97 | B100: 11100 | C100: 1972 | D100: Graduation | E100: Divorced | F100: 51813 | G100: 1 | H100: 1 | I100: 41375 | J100: 37 | K100: =VLOOKUP(B100,purchase_dataset!$B$2:$F$2241,2,FALSE) -> 2 | L100: =VLOOKUP(B100,purchase_dataset!$B$2:$F$2241,3,FALSE) -> 1 | M100: =VLOOKUP(B100,purchase_dataset!$B$2:$F$2241,3,FALSE) -> 1 | N100: =VLOOKUP(B100,purchase_dataset!$B$2:$F$2241,5,FALSE) -> 3 | O100: 54 | P100: =IF(O100<30,"30",IF(O100<=50,"30-50",">50")) -> >50 | Q100: =M100+N100 -> 4 | U100: {=_xlfn.IFS(F100<30000,"30k",F100<=50000,"30k-50k",F100<=75000,"50k-75k",F100<=100000,"75k-100k",F100>100000,"100k")} -> 50k-75k | W100: =2026-YEAR(I100) -> 13
A101: 98 | B101: 4646 | C101: 1951 | D101: 2n Cycle | E101: Married | F101: 78497 | G101: 0 | H101: 0 | I101: 41609 | J101: 44 | K101: =VLOOKUP(B101,purchase_dataset!$B$2:$F$2241,2,FALSE) -> 26 | L101: =VLOOKUP(B101,purchase_dataset!$B$2:$F$2241,3,FALSE) -> 0 | M101: =VLOOKUP(B101,purchase_dataset!$B$2:$F$2241,3,FALSE) -> 0 | N101: =VLOOKUP(B101,purchase_dataset!$B$2:$F$2241,5,FALSE) -> 12 | O101: 75 | P101: =IF(O101<30,"30",IF(O101<=50,"30-50",">50")) -> >50 | Q101: =M101+N101 -> 12 | U101: {=_xlfn.IFS(F101<30000,"30k",F101<=50000,"30k-50k",F101<=75000,"50k-75k",F101<=100000,"75k-100k",F101>100000,"100k")} -> 75k-100k | W101: =2026-YEAR(I101) -> 13
A102: 99 | B102: 3037 | C102: 1983 | D102: PhD | E102: Married | F102: 50150 | G102: 0 | H102: 0 | I102: 41445 | J102: 32 | K102: =VLOOKUP(B102,purchase_dataset!$B$2:$F$2241,2,FALSE) -> 46 | L102: =VLOOKUP(B102,purchase_dataset!$B$2:$F$2241,3,FALSE) -> 61 | M102: =VLOOKUP(B102,purchase_dataset!$B$2:$F$2241,3,FALSE) -> 61 | N102: =VLOOKUP(B102,purchase_dataset!$B$2:$F$2241,5,FALSE) -> 7 | O102: 43 | P102: =IF(O102<30,"30",IF(O102<=50,"30-50",">50")) -> 30-50 | Q102: =M102+N102 -> 68 | U102: {=_xlfn.IFS(F102<30000,"30k",F102<=50000,"30k-50k",F102<=75000,"50k-75k",F102<=100000,"75k-100k",F102>100000,"100k")} -> 50k-75k | W102: =2026-YEAR(I102) -> 13
A103: 100 | B103: 1473 | C103: 1960 | D103: 2n Cycle | E103: Single | F103: 47823 | G103: 0 | H103: 1 | I103: 41478 | J103: 0 | K103: =VLOOKUP(B103,purchase_dataset!$B$2:$F$2241,2,FALSE) -> 1 | L103: =VLOOKUP(B103,purchase_dataset!$B$2:$F$2241,3,FALSE) -> 1 | M103: =VLOOKUP(B103,purchase_dataset!$B$2:$F$2241,3,FALSE) -> 1 | N103: =VLOOKUP(B103,purchase_dataset!$B$2:$F$2241,5,FALSE) -> 3 | O103: 66 | P103: =IF(O103<30,"30",IF(O103<=50,"30-50",">50")) -> >50 | Q103: =M103+N103 -> 4 | U103: {=_xlfn.IFS(F103<30000,"30k",F103<=50000,"30k-50k",F103<=75000,"50k-75k",F103<=100000,"75k-100k",F103>100000,"100k")} -> 30k-50k | W103: =2026-YEAR(I103) -> 13
A104: 101 | B104: 1016 | C104: 1959 | D104: PhD | E104: Single | F104: 34554 | G104: 0 | H104: 1 | I104: 41728 | J104: 43 | K104: =VLOOKUP(B104,purchase_dataset!$B$2:$F$2241,2,FALSE) -> 1 | L104: =VLOOKUP(B104,purchase_dataset!$B$2:$F$2241,3,FALSE) -> 0 | M104: =VLOOKUP(B104,purchase_dataset!$B$2:$F$2241,3,FALSE) -> 0 | N104: =VLOOKUP(B104,purchase_dataset!$B$2:$F$2241,5,FALSE) -> 3 | O104: 67 | P104: =IF(O104<30,"30",IF(O104<=50,"30-50",">50")) -> >50 | Q104: =M104+N104 -> 3 | U104: {=_xlfn.IFS(F104<30000,"30k",F104<=50000,"30k-50k",F104<=75000,"50k-75k",F104<=100000,"75k-100k",F104>100000,"100k")} -> 30k-50k | W104: =2026-YEAR(I104) -> 12
A105: 102 | B105: 4518 | C105: 1979 | D105: Graduation | E105: Together | F105: 85693 | G105: 0 | H105: 1 | I105: 41384 | J105: 59 | K105: =VLOOKUP(B105,purchase_dataset!$B$2:$F$2241,2,FALSE) -> 172 | L105: =VLOOKUP(B105,purchase_dataset!$B$2:$F$2241,3,FALSE) -> 132 | M105: =VLOOKUP(B105,purchase_dataset!$B$2:$F$2241,3,FALSE) -> 132 | N105: =VLOOKUP(B105,purchase_dataset!$B$2:$F$2241,5,FALSE) -> 11 | O105: 47 | P105: =IF(O105<30,"30",IF(O105<=50,"30-50",">50")) -> 30-50 | Q105: =M105+N105 -> 143 | U105: {=_xlfn.IFS(F105<30000,"30k",F105<=50000,"30k-50k",F105<=75000,"50k-75k",F105<=100000,"75k-100k",F105>100000,"100k")} -> 75k-100k | W105: =2026-YEAR(I105) -> 13
A106: 103 | B106: 9370 | C106: 1945 | D106: PhD | E106: Married | F106: 65846 | G106: 0 | H106: 0 | I106: 41411 | J106: 68 | K106: =VLOOKUP(B106,purchase_dataset!$B$2:$F$2241,2,FALSE) -> 81 | L106: =VLOOKUP(B106,purchase_dataset!$B$2:$F$2241,3,FALSE) -> 40 | M106: =VLOOKUP(B106,purchase_dataset!$B$2:$F$2241,3,FALSE) -> 40 | N106: =VLOOKUP(B106,purchase_dataset!$B$2:$F$2241,5,FALSE) -> 6 | O106: 81 | P106: =IF(O106<30,"30",IF(O106<=50,"30-50",">50")) -> >50 | Q106: =M106+N106 -> 46 | U106: {=_xlfn.IFS(F106<30000,"30k",F106<=50000,"30k-50k",F106<=75000,"50k-75k",F106<=100000,"75k-100k",F106>100000,"100k")} -> 50k-75k | W106: =2026-YEAR(I106) -> 13
A107: 104 | B107: 8908 | C107: 1959 | D107: Graduation | E107: Married | F107: 87195 | G107: 0 | H107: 0 | I107: 41767 | J107: 35 | K107: =VLOOKUP(B107,purchase_dataset!$B$2:$F$2241,2,FALSE) -> 76 | L107: =VLOOKUP(B107,purchase_dataset!$B$2:$F$2241,3,FALSE) -> 26 | M107: =VLOOKUP(B107,purchase_dataset!$B$2:$F$2241,3,FALSE) -> 26 | N107: =VLOOKUP(B107,purchase_dataset!$B$2:$F$2241,5,FALSE) -> 5 | O107: 67 | P107: =IF(O107<30,"30",IF(O107<=50,"30-50",">50")) -> >50 | Q107: =M107+N107 -> 31 | U107: {=_xlfn.IFS(F107<30000,"30k",F107<=50000,"30k-50k",F107<=75000,"50k-75k",F107<=100000,"75k-100k",F107>100000,"100k")} -> 75k-100k | W107: =2026-YEAR(I107) -> 12
... A130: 127 | B130: 3381 | C130: 1953 | D130: Master | E130: Married | F130: 54348 | G130: 1 | H130: 1 | I130: 41798 | J130: 51 | K130: =VLOOKUP(B130,purchase_dataset!$B$2:$F$2241,2,FALSE) -> 0 | L130: =VLOOKUP(B130,purchase_dataset!$B$2:$F$2241,3,FALSE) -> 0 | M130: =VLOOKUP(B130,purchase_dataset!$B$2:$F$2241,3,FALSE) -> 0 | N130: =VLOOKUP(B130,purchase_dataset!$B$2:$F$2241,5,FALSE) -> 4 | O130: 73 | P130: =IF(O130<30,"30",IF(O130<=50,"30-50",">50")) -> >50 | Q130: =M130+N130 -> 4 | U130: {=_xlfn.IFS(F130<30000,"30k",F130<=50000,"30k-50k",F130<=75000,"50k-75k",F130<=100000,"75k-100k",F130>100000,"100k")} -> 50k-75k | W130: =2026-YEAR(I130) -> 12
A131: 128 | B131: 8268 | C131: 1961 | D131: PhD | E131: Married | G131: 0 | H131: 1 | I131: 41466 | J131: 23 | K131: =VLOOKUP(B131,purchase_dataset!$B$2:$F$2241,2,FALSE) -> 0 | L131: =VLOOKUP(B131,purchase_dataset!$B$2:$F$2241,3,FALSE) -> 0 | M131: =VLOOKUP(B131,purchase_dataset!$B$2:$F$2241,3,FALSE) -> 0 | N131: =VLOOKUP(B131,purchase_dataset!$B$2:$F$2241,5,FALSE) -> 7 | O131: 65 | P131: =IF(O131<30,"30",IF(O131<=50,"30-50",">50")) -> >50 | Q131: =M131+N131 -> 7 | U131: {=_xlfn.IFS(F131<30000,"30k",F131<=50000,"30k-50k",F131<=75000,"50k-75k",F131<=100000,"75k-100k",F131>100000,"100k")} -> 30k | W131: =2026-YEAR(I131) -> 13
A132: 129 | B132: 11051 | C132: 1956 | D132: PhD | E132: Together | F132: 77376 | G132: 1 | H132: 1 | I132: 41769 | J132: 72 | K132: =VLOOKUP(B132,purchase_dataset!$B$2:$F$2241,2,FALSE) -> 19 | L132: =VLOOKUP(B132,purchase_dataset!$B$2:$F$2241,3,FALSE) -> 12 | M132: =VLOOKUP(B132,purchase_dataset!$B$2:$F$2241,3,FALSE) -> 12 | N132: =VLOOKUP(B132,purchase_dataset!$B$2:$F$2241,5,FALSE) -> 10 | O132: 70 | P132: =IF(O132<30,"30",IF(O132<=50,"30-50",">50")) -> >50 | Q132: =M132+N132 -> 22 | U132: {=_xlfn.IFS(F132<30000,"30k",F132<=50000,"30k-50k",F132<=75000,"50k-75k",F132<=100000,"75k-100k",F132>100000,"100k")} -> 75k-100k | W132: =2026-YEAR(I132) -> 12
...

Sheet purchase_dataset
A1: Column1 | B1: ID | C1: MntFruits | D1: MntSweetProducts | E1: NumWebPurchases | F1: NumStorePurchases
A2: 1898 | B2: 4619 | C2: 2 | D2: 262 | E2: 27 | F2: 0
A3: 27 | B3: 5255 | C3: 1 | D3: 263 | E3: 27 | F3: 0
A4: 1975 | B4: 10311 | C4: 4 | D4: 4 | E4: 25 | F4: 0
A5: 1806 | B5: 6237 | C5: 4 | D5: 2 | E5: 23 | F5: 1
A6: 336 | B6: 7381 | C6: 153 | D6: 97 | E6: 11 | F6: 6
A7: 1924 | B7: 7966 | C7: 137 | D7: 22 | E7: 11 | F7: 11
A8: 681 | B8: 4910 | C8: 134 | D8: 134 | E8: 11 | F8: 13
A9: 2013 | B9: 1951 | C9: 122 | D9: 129 | E9: 11 | F9: 8
A10: 1507 | B10: 7706 | C10: 104 | D10: 151 | E10: 11 | F10: 5
A11: 924 | B11: 8931 | C11: 99 | D11: 149 | E11: 11 | F11: 10
A12: 767 | B12: 1911 | C12: 97 | D12: 133 | E12: 11 | F12: 12
A13: 1488 | B13: 9743 | C13: 89 | D13: 35 | E13: 11 | F13: 8
... A2241: 2019 | B2241: 2375 | C2241: 0 | D2241: 3 | E2241: 0 | F2241: 3

Sheet Pivot
A1: Row Labels | B1: Sum of TOTAL PURCHASE
A2: >50 | B2: 51375
A3: 30-50 | B3: 22216
A4: Grand Total | B4: 73591
A6: Row Labels | B6: Sum of Total Sales Amount
A7: Fruits | B7: 58917
A8: Sweet products | B8: 60621
A9: Total Combined | B9: 119538
A10: Grand Total | B10: 239076
A12: Row Labels | B12: Average of Lifespan years | C12: Sum of TOTAL PURCHASE | D12: Average of TOTAL PURCHASE | F12: Row Labels | G12: Average of Lifespan years | H12: Sum of TOTAL PURCHASE | I12: Average of TOTAL PURCHASE
A13: 30k | B13: 13.017766 | C13: 4181 | D13: 10.611675 | F13: =A13 -> 30k | G13: {=B13:B17} -> 13.017766 | H13: {=C13:C17} -> 4181 | I13: {=D13:D17} -> 10.611675
A14: 30k-50k | B14: 12.946377 | C14: 7806 | D14: 11.313043 | F14: =A14 -> 30k-50k | G14: 12.946377 | H14: 7806 | I14: 11.313043
A15: 50k-75k | B15: 13.003764 | C15: 34370 | D15: 43.124216 | F15: =A15 -> 50k-75k | G15: 13.003764 | H15: 34370 | I15: 43.124216
A16: 75k-100k | B16: 12.898844 | C16: 26466 | D16: 76.491329 | F16: =A16 -> 75k-100k | G16: 12.898844 | H16: 26466 | I16: 76.491329
A17: 100k | B17: 12.923077 | C17: 768 | D17: 59.076923 | F17: =A17 -> 100k | G17: 12.923077 | H17: 768 | I17: 59.076923
A18: Grand Total | B18: 12.971875 | C18: 73591 | D18: 32.853125
A21: Row Labels | B21: Sum of TOTAL PURCHASE | C21: Average of Income | D21: Average of TOTAL PURCHASE
A22: 2n Cycle | B22: 8071 | C22: 47633.19 | D22: 39.758621
A23: Basic | B23: 808 | C23: 20306.259 | D23: 14.962963
A24: Graduation | B24: 41921 | C24: 52720.374 | D24: 37.196983
A25: Master | B25: 10017 | C25: 52917.534 | D25: 27.072973
A26: PhD | B26: 12774 | C26: 56145.314 | D26: 26.283951
A27: Grand Total | B27: 73591 | C27: 52247.251 | D27: 32.853125
A30: Average of Recency | B30: Column Labels | L30: Average of Recency
A31: Row Labels | B31: Absurd | C31: Alone | D31: Divorced | E31: Married | F31: Single | G31: Together | H31: Widow | I31: YOLO | J31: Grand Total | L31: Row Labels | M31: Absurd | N31: Alone | O31: Divorced | P31: Married | Q31: Single | R31: Together | S31: Widow | T31: YOLO | U31: Grand Total
A32: 2n Cycle | D32: 45.26087 | E32: 48.444444 | F32: 44.081081 | G32: 51.45614 | H32: 60 | J32: 48.418719 | L32: 2n Cycle | O32: 45.26087 | P32: 48.444444 | Q32: 44.081081 | R32: 51.45614 | S32: 60 | U32: 48.418719
A33: Basic | D33: 31 | E33: 45.6 | F33: 50.166667 | G33: 49.5 | H33: 77 | J33: 48.444444 | L33: Basic | O33: 31 | P33: 45.6 | Q33: 50.166667 | R33: 49.5 | S33: 77 | U33: 48.444444
A34: Graduation | B34: 58 | C34: 12 | D34: 52.512605 | E34: 48.951501 | F34: 50.801587 | G34: 49.839161 | H34: 51.971429 | J34: 50.035492 | L34: Graduation | M34: 58 | N34: 12 | O34: 52.512605 | P34: 48.951501 | Q34: 50.801587 | R34: 49.839161 | S34: 51.971429 | U34: 50.035492
A35: Master | B35: 48 | C35: 42 | D35: 49.351351 | E35: 44.521739 | F35: 48.586667 | G35: 50.40566 | H35: 46.666667 | J35: 47.586486 | L35: Master | M35: 48 | N35: 42 | O35: 49.351351 | P35: 44.521739 | Q35: 48.586667 | R35: 50.40566 | S35: 46.666667 | U35: 47.586486
A36: PhD | C36: 37 | D36: 44.884615 | E36: 49.666667 | F36: 48.806122 | G36: 49.905983 | H36: 42.833333 | I36: 3 | J36: 48.483539 | L36: PhD | N36: 37 | O36: 44.884615 | P36: 49.666667 | Q36: 48.806122 | R36: 49.905983 | S36: 42.833333 | T36: 3 | U36: 48.483539
A37: Grand Total | B37: 53 | C37: 30.333333 | D37: 49.487069 | E37: 48.277778 | F37: 49.50625 | G37: 50.106897 | H37: 49.142857 | I37: 3 | J37: 49.109375 | L37: Grand Total | M37: 53 | N37: 30.333333 | O37: 49.487069 | P37: 48.277778 | Q37: 49.50625 | R37: 50.106897 | S37: 49.142857 | T37: 3 | U37: 49.109375
A42: Formulas | D42: Pivot Charts
A43: Total Revenue | D43: Age Group | E43: Sum of TOTAL PURCHASE
A44: 119538 | D44: >50 | E44: 51375
D45: 30-50 | E45: 22216
A46: Total Purchase Volume | D46: Grand Total | E46: 73591
A47: 73591
D48: Pivot Charts
A49: Total Average income | D49: Age Group | E49: Sum of Total Sales Amount
A50: 52247.251 | D50: Fruits | E50: 58917
D51: Sweet products | E51: 60621
A52: Average Regency | D52: Total Combined | E52: 119538
A53: 49.109375 | D53: Grand Total | E53: 239076
D55: Pivot Charts
D56: Age Group | E56: Sum of TOTAL PURCHASE
D57: 100k | E57: 768
D58: 30k | E58: 4181
D59: 30k-50k | E59: 7806
D60: 50k-75k | E60: 34370
D61: 75k-100k | E61: 26466
D62: Grand Total | E62: 73591
D64: Pivot Charts
D65: Average of Recency | E65: Column Labels
D66: Age Group | E66: Absurd | F66: Alone | G66: Divorced | H66: Married | I66: Single | J66: Together | K66: Widow | L66: YOLO | M66: Grand Total
D67: 2n Cycle | G67: 45.26087 | H67: 48.444444 | I67: 44.081081 | J67: 51.45614 | K67: 60 | M67: 48.418719
D68: Basic | G68: 31 | H68: 45.6 | I68: 50.166667 | J68: 49.5 | K68: 77 | M68: 48.444444
D69: Graduation | E69: 58 | F69: 12 | G69: 52.512605 | H69: 48.951501 | I69: 50.801587 | J69: 49.839161 | K69: 51.971429 | M69: 50.035492
D70: Master | E70: 48 | F70: 42 | G70: 49.351351 | H70: 44.521739 | I70: 48.586667 | J70: 50.40566 | K70: 46.666667 | M70: 47.586486
D71: PhD | F71: 37 | G71: 44.884615 | H71: 49.666667 | I71: 48.806122 | J71: 49.905983 | K71: 42.833333 | L71: 3 | M71: 48.483539
D72: Grand Total | E72: 53 | F72: 30.333333 | G72: 49.487069 | H72: 48.277778 | I72: 49.50625 | J72: 50.106897 | K72: 49.142857 | L72: 3 | M72: 49.109375

Sheet Dashboard
D5: Total Revenue | G5: Total Purchase Volume | J5: Total Average income | M5: Average Regency
D8: 119538 | G8: 73591 | J8: 52247.251 | M8: 49.109375
